/,/
/facilities.htm,/
/index.htm,/
/literature.htm,/
/contact.htm,/contact.htm
/pdfs/M08.pdf,/pdfs/M08.pdf
/pdfs/M01.pdf,/pdfs/M01.pdf
/pdfs/M02.pdf,/pdfs/M02.pdf
/pdfs/M04.pdf,/pdfs/M04.pdf
/pdfs/M03.pdf,/pdfs/M03.pdf
/pdfs/M05.pdf,/pdfs/M05.pdf
/pdfs/M07.pdf,/pdfs/M07.pdf
/pdfs/M06.pdf,/pdfs/M06.pdf
/pdfs/M19.pdf,/pdfs/M19.pdf
/pdfs/M15.pdf,/pdfs/M15.pdf
/pdfs/M16.pdf,/pdfs/M16.pdf
/pdfs/M22.pdf,/pdfs/M22.pdf
/pdfs/M20.pdf,/pdfs/M20.pdf
/pdfs/M14.pdf,/pdfs/M14.pdf
/pdfs/M13.pdf,/pdfs/M13.pdf
/pdfs/M21.pdf,/pdfs/M21.pdf
/pdfs/fast.pdf,/pdfs/fast.pdf
/pdfs/M23.pdf,/pdfs/M23.pdf
/pdfs/M24.pdf,/pdfs/M24.pdf
/pdfs/M25.pdf,/pdfs/M25.pdf
/pdfs/fast.pdf,/pdfs/fast.pdf
/pdfs/construction.pdf,/pdfs/construction.pdf
