/Careers.htm,/
/ContactUs.htm,/
/Home.htm,/
/Infrastructure.htm,/
/Services/3D%20Animations/3DAnimationforengineeringapplications.htm,/engineering-animations/
/Services/Automation/DevelopmentTools.htm,/automation-and-controls/
/Services/Automation/FoundrySystems.htm,/automation-and-controls/
/Services/Automation/MachineTools.htm,/automation-and-controls/
/Services/Automation/PanelProcurement.htm,/automation-and-controls/
/Services/Automation/WeldingLines.htm,/automation-and-controls/
/Services/Electrical/ElectricalDesignandDetailing.htm,/
/Services/Engineering%20Analysis/Computational.htm,/engineering-animations/
/Services/Engineering%20Analysis/Linear.htm,/engineering-animations/
/Services/Global%20Sourcing/GlobalSourcing.htm,/global-sourcing-services-and-logistics/
/Services/GlobalFieldServiceandSupport.htm,/global-sourcing-services-and-logistics/
/Services/Legacy%20Systems/LegacySystems.htm,/legacy-systems/
/Services/Mechanical/Mechanical.htm,/mechanical-and-structural-designs/
/Services/Piping/PipingDesignandDetailing.htm,/piping-desing/
/Services/Software%20Development/BILMAT.htm,/bilmat/
/Services/Software%20Development/CustomerServiceSoftware.htm,/software-development/
/Services/Software%20Development/DocumentAutomationSoftware.htm,/document-automation-software/
/Services/Software%20Development/DrawingAutomationSoftware.htm,/drawing-automation-software/
/Services/Software%20Development/Technologies.htm,/software-development/
/Services/Software%20Development/Timeslips.htm,/software-development/
/Services/SolidModeling/SolidModeling.htm,/
/Services/Structural/StructuralDesignandDetailing.htm,/
/Services/TranslationServices.htm,/software-development/
