/cables_de_potencia.htm,/
/cables_potenciales.html,/
/capacitores.htm,/
/capacitores.html,/
/default.htm,/
/diodos.htm,/
/diodos.html,/
/directorio.htm,/
/flash/modulos.swf,/
/fusibles.htm,/
/fusibles.html,/
/historia.html,/company-information/
/interruptores_principales.htm,/
/interruptores.html,/
/materiales_aislantes.htm,/
/materiales_aislantes.html,/
/modulos_varios.htm,/
/modulosvarios.html,/
/nuevos_proyectos.html,/
/oportunidades.htm,/
/ProdARMSSystems.htm,/blog/product_categories/sistemas-robot-automatizado
/ProdARMSSystems.htm,/blog/product_categories/sistemas-robot-automatizado/
/ProdAutomaticPouringSystems.htm,/blog/product_categories/sistemas-robot-automatizado/
/ProdBarBloomAndBilletHeatingSystems.htm,/products
/ProdBarBloomAndBilletHeatingSystems.htm,/products/
/ProdCoilsAndSpecialtyCoils.htm,/products
/ProdComputerControlSystems.htm,/blog/product_categories/sistemas-computarizados-control-fusion
/ProdGalvanizingPots.htm,/blog/product_categories/pailas-galvanizado
/ProdGalvanizingPots.htm,/products
/ProdGalvPotsCoating.htm,/blog/product_categories/pailas-galvanizado
/ProdHoldingSystems.htm,/products
/ProdIndFurnChannel.htm,/products
/ProdIndFurnCoreless.htm,/products
/ProdIndFurnDirectElectric.htm,/
/ProdIndFurnRemovable.htm,/
/ProdIndPowerSupplySystems.htm,/products
/ProdIndPowerSupplySystems.htm,/products/
/ProdInductionFurnaces.htm,/
/ProdInductionFurnaces.htm,/products
/ProdMaterialHandlingSystems.htm,/blog/product_categories/sistemas-manejo-materiales
/ProdRollAndRailHardeningSystems.htm,/products
/ProdRollAndRailHardeningSystems.htm,/products/
/ProdSlabHeatingSystems.htm,/products
/ProdStripHeatingSystems.htm,/products
/ProdTubeAndPipeHeatingSystems.htm,/products
/productos.htm,/products/
/productos.html,/products
/ProdVacAndContAtmoSystems.htm,/blog/product_categories/induccion-sistemas-de-vacio-y-atmosfera-controlada
/ProdVacAndContAtmoSystems.htm,/products
/ProdWaterCoolingSystems.htm,/blog/product_categories/sistemas-enfriamiento
/quienes_somos.htm,/company-information/
/quienes_somos.html,/company-information/
/refacciones.htm,/
/refacciones.html,/
/resistencias.htm,/
/resistencias.html,/
/servicio_tecnico.html,/services/
/tarjetas.htm,/
/tarjetas.html,/
/terminos.html,/legal/
/terminosusuario.htm,/legal/
/tiristores.htm,/
/tiristores.html,/
/ubicacion.htm,/
/ubicacion.html,/resources/
