/?post_type=products&p=910&lang=en,/products
/%3Cbr%3E%3Cbr%3E,/
/%E5%BA%94%E8%BE%BE%E5%B7%A5%E4%B8%9A%EF%BC%88%E4%B8%8A%E6%B5%B7%EF%BC%89%E6%9C%89%E9%99%90%E5%85%AC%E5%8F%B8/,/
/%E6%B3%95%E5%BE%8B/,/
/about.html,/company-information/
/blog/product_categories/advanced-induction-power-supply-units-zh-hans/,/blog/product_categories/%E5%85%88%E8%BF%9B%E7%9A%84%E6%84%9F%E5%BA%94%E7%94%B5%E6%BA%90%E7%B3%BB%E7%BB%9F/
/blog/product_categories/inductoforge-modular-billet-heating-systems-inductoforge-zh-hans,/blog/product_categories/inductoforge-zh-hans/
/blog/product_categories/inductoscan-en/?lang=zh-hans%22,/blog/product_categories/inductoscan/?lang=en
/blog/product_categories/merlin-coating-systems-zh-hans/,/blog/product_categories/merlin%E6%B6%82%E5%B1%82%E8%AE%BE%E5%A4%87/
/blog/product_categories/munitionsamunnions-annealingbonding-systems-zh-hans,/blog/product_categories/munitionsamunnions-annealingbonding-systems/?lang=en
/blog/product_categories/munitionsamunnions-annealingbonding-systems-zh-hans/,/blog/product_categories/%E5%BC%B9%E8%8D%AF%E5%BC%B9%E8%8D%AF%E9%80%80%E7%81%AB%E7%B2%98%E5%90%88%E7%B3%BB%E7%BB%9F/
/bricmont_06.html,/
/Bricmont_eng.html,/products/?lang=en
/china.html,/
/Chinese/flash/logo_button.swf,/
/company-culturefeed/?lang=en,/company-culture/?lang=en
/company-information/contactfeed/?lang=en,/company-information/contact/?lang=en
/company-information/inductotherm-group-china-ltdfeed/?lang=en,/company-information/inductotherm-group-china-ltd/?lang=en
/company-information/inductotherm-industries-shanghai-ltdfeed/?lang=en,/company-information/inductotherm-industries-shanghai-ltd?lang=en
/company-information/team-of-top-managementfeed/?lang=en,/company-information/team-of-top-management/?lang=en
/company-informationfeed/?lang=en,/company-information/?lang=en
/consarc_eng.html,/blog/product_categories/consarc/?lang=en
/consarc.html,/blog/product_categories/consarc/
/contact.html,/company-information/
/english/inductoheat_010.html,/blog/product_categories/inductoheat-zh-hans/
/index.html,/
/Inductoheat_eng.html,/blog/product_categories/inductoheat/?lang=en
/inductoheat.html,/blog/product_categories/inductoheat/
/inductotherm_eng.html,/blog/product_categories/inductotherm/?lang=en
/inductotherm-group-china-ltd/,/company-information/
/inductotherm-group-china-ltd/?lang=en,/company-information/inductotherm-group-china-ltd/?lang=en?lang=en
/inductotherm-industries-shanghai-ltd/?lang=en,/company-information/%E5%BA%94%E8%BE%BE%E5%B7%A5%E4%B8%9A%EF%BC%88%E4%B8%8A%E6%B5%B7%EF%BC%89%E6%9C%89%E9%99%90%E5%85%AC%E5%8F%B8/
/inductotherm.html,/
/inductotherm.html,/blog/product_categories/inductotherm/
/industriesfeed/?lang=en,/industries/?lang=en
/Jomar_eng.html,/?lang=en
/jomar.html,/blog/product_categories/
/legalfeed/?lang=en,/legal/?lang=en
/manpower.htm,/
/mass.html,/
/processesfeed/?lang=en,/processes/?lang=en
/products.html,/products/
/request-a-quotefeed/?lang=en,/request-a-quote/?lang=en
/resourcesfeed/?lang=en,/resources/?lang=en
/servicesfeed/?lang=en,/services/?lang=en
/thermatool_02c.html,/blog/product_categories/thermatool/?lang=en
/thermatool_eng.html,/blog/product_categories/thermatool/?lang=en
/thermatool.html,/blog/product_categories/thermatool/
/UploadFiles/File/2010011318340415.xls,/
/what-is-inductionfeed/?lang=en,/what-is-induction/?lang=en
/wp,/
