/prodserv/alumin/index.htm,http://inductothermmexico.com/products
/prodserv/prod1.htm,http://inductothermmexico.com/products
/prodserv/prod10.htm,http://inductothermmexico.com/products
/prodserv/prod11.htm,http://inductothermmexico.com/products
/prodserv/prod12.htm,http://inductothermmexico.com/products
/prodserv/prod13.htm,http://inductothermmexico.com/products
/prodserv/prod14.htm,http://inductothermmexico.com/products
/prodserv/prod2.htm,http://inductothermmexico.com/products
/prodserv/prod3.htm,http://inductothermmexico.com/products
/prodserv/prod4.htm,http://inductothermmexico.com/products
/prodserv/prod5.htm,http://inductothermmexico.com/products
/prodserv/prod6.htm,http://inductothermmexico.com/products
/prodserv/prod7.htm,http://inductothermmexico.com/products
/prodserv/prod8.htm,http://inductothermmexico.com/products
/prodserv/prod9.htm,http://inductothermmexico.com/products