/AboutLepel.aspx,/company-information/
/Accessories.aspx,/blog/products/accessories-6/
/AfterMarket/home.aspx,/resources/
/Benefits.aspx,/
/cap/lepcap1.htm,/
/CapLinerGuide.aspx,/
/CapsealingSitemap.aspx,/
/ContactUs.aspx,/company-information/
/IND/lepind1.htm,/
/Industries.aspx,/industries/
/legal.htm,/legal/
/newsandevents.aspx,/blog/events
/Products/Literature.aspx,/
/Products/Overview.aspx,/products
/Products/TheCSPlus200SS.aspx,/blog/products/cs200-ss/
/Products/TheCSPlus350SS.aspx,/blog/products/lepel/
/Products/Vintage.aspx,/products/
/SealingSolutions.aspx,/sealing-solutions/
/Termsandconditions.aspx,/legal/
/TheProcess.aspx,/processes/
