/a1contacts.htm,/request-a-quote/
/a1map.htm,/company-information/location/
/aboutalpha.htm,/company-information/
/aflux.htm,/products/
/aform.htm,/products/
/Aftermarket_Group.html,/blog/product_categories/aftermarket-parts-services/
/Aftermarket_Parts.html,/blog/products/aftermarket-spare-parts/
/Aftermarket_Service.html,/blog/products/aftermarket-service-support/
/aftermarket_top.html,/blog/product_categories/aftermarket-parts-services/
/alam.htm,/products/
/braz.htm,/products/
/Careers.html,/company-information/careers/
/company.htm,/company-information/
/concentrator_top.html,/
/concentrator_top.html,/products
/contact.htm,/company-information/company-contacts/
/db&r_forge.html,/blog/products/forging-coils-2/
/db&r_heating.html,/blog/products/heating-coils/
/db&r_liners.html,/products
/db&r_rails.html,/products
/default.htm,/
/Email%20Jpegs/A1%20Web%20Site%20Terms.pdf,/legal/
/fieldsv.htm,/products/
/flux.htm,/products/
/forgcls.htm,/blog/products/forging-coils-2/
/forging.htm,/blog/products/forging-coils-2/
/form.htm,/company-information/company-contacts/
/heattret.htm,/products/
/httrtcls.htm,/products/
/images/conveyorFeeder.mpg,/products/
/indpwrsp.htm,/products/
/inducto.htm,/what-is-induction/
/inductothermgroup.html,/
/library.html,/resources/
/materialhandling_b&bfeeding.html,/products
/materialhandling_barlines.html,/products
/materialhandling_bintipper.html,/products
/materialhandling_custom.html,/products
/materialhandling_graphite.html,/products
/materialhandling_water.html,/products
/mtrlhnd.htm,/products/
/news.htm,/
/news.html,/
/Pdfs/Alpha1Induction2006.pdf,/products/
/Pdfs/Coils01%20-%20Forge%20LQ.jpg,/blog/products/forging-coils-2/
/Pdfs/Coils01Forge.pdf,/products/
/Pdfs/Coils03%20-%20Quick%20Change%20LQ.jpg,/products/
/Pdfs/Coils03QuickChange.pdf,/products/
/Pdfs/Concentrator01%20-%20AlphaForm%20LQ.jpg,/products/
/Pdfs/Concentrator01AlphaForm.pdf,/products/
/Pdfs/Concentrator02%20-%20AlphaFlux%20LQ.jpg,/products/
/Pdfs/Concentrator02AlphaFlux.pdf,/products/
/Pdfs/Concentrator03a%20-%20AlphaLam%20LQ.jpg,/products/
/Pdfs/Concentrator03AlphaLam.pdf,/products/
/Pdfs/Concentrator04%20-%20Instructions%20LQ.jpg,/products/
/Pdfs/Concentrator04Instructions.pdf,/products/
/Pdfs/Field%20Service%2001%20Service%20LQ.jpg,/products/
/Pdfs/Field%20Service%2002%20PM%20LQ.jpg,/products/
/Pdfs/FieldService01.pdf,/products/
/Pdfs/FieldService02.pdf,/products/
/Pdfs/MaterialHandling01%20-%20Elevator%20Feeder%20LQ.jpg,/products/
/Pdfs/MaterialHandling01ElevatorFeeder.pdf,/products/
/Pdfs/MaterialHandling02%20-%20Bin%20Tipper%20LQ.jpg,/products/
/Pdfs/MaterialHandling02BinTipper.pdf,/products/
/Pdfs/MaterialHandling04%20-%20Billet%20Extractors%20LQ.jpg,/products/
/Pdfs/MaterialHandling04BilletExtractors.pdf,/products/
/Pdfs/MaterialHandling05%20-%20Custom%20Designs%20LQ.jpg,/products/
/Pdfs/MaterialHandling05CustomDesigns.pdf,/products/
/Pdfs/MaterialHandling06%20-%20Infeeds%20LQ.jpg,/products/
/Pdfs/MaterialHandling06InFeeds.pdf,/products/
/Pdfs/MaterialHandling07%20-%20Clark%20Rotary%20Feeder%20LQ.jpg,/products/
/Pdfs/Power%20Leads%2001%20LQ.jpg,/products/
/Pdfs/PowerLeads01.pdf,/products/
/Pdfs/rotaryfeeder.pdf,/products/
/Pdfs/Spare%20Parts%2001%20LQ.jpg,/products/
/Pdfs/SpareParts01.pdf,/products/
/Pdfs/Transformers%2001%20LQ.jpg,/products/
/Pdfs/Transformers01.pdf,/products/
/Pdfs/Water%20System%2001%20LQ.jpg,/products/
/Pdfs/WaterSystem01.pdf,/products/
/product.htm,/products/
/products_top.html,/products
/qckchtl.htm,/products/
/quality.html,/company-information/quality/
/safety.html,/resources/safety/
/sparepts.htm,/products/
/trade.htm,/processes/
/trnsfrmr.htm,/products/
/turnky.htm,/products/
/wireht.htm,/products/
/wtrclcb.htm,/products/
/wtrsys.htm,/products/
