/Clinton+Machines/About+Us/default.aspx,/company-information/
/Clinton+Machines/Business+Case+ROI/default.aspx,/
/Clinton+Machines/Clients/default.aspx,/processes/
/Clinton+Machines/Contact+Us/default.aspx,/contact/
/Clinton+Machines/Custom+Build/default.aspx,/
/Clinton+Machines/Design+and+Build/default.aspx,/
/Clinton+Machines/Specialty+Markets/default.aspx,/
/contact.htm,/contact/
/equipment1.htm,/
/location.htm,/
/profile.htm,/company-information/
/services.htm,/products
/Site+Map/default.aspx,/
