/_vti_bin/shtml.exe/index.htm/map,/
/blog/category/alpha-2/,/products
/blog/category/consarc-2/vcap/,/blog/product_categories/vacuum-cap-furnaces-vcap/
/blog/category/inductoscan-2/inductoscan-xl-modular-scanning-system/,/products
/blog/category/inductotherm-3/induction-systems-for-vacuum-and-controlled-atmospheres-inductotherm-3/,/products
/blog/products/electrode-vim-furnacesElectrode,/products
/brochures/emcc.pdf,/resources/
/brochures/esr.pdf,/resources/
/brochures/ism.pdf,/resources/
/brochures/var.pdf,/resources/
/brochures/vcap.pdf,/resources/
/brochures/vim.pdf,/resources/
/brochures/vpic.pdf,/resources/
/consarc-group.htm,/products
/contact.shtml,/request-a-quote/
/home.htm,/
/home.shtml,/
/images/2014registration.pdf,/resources/
/index.html,/
/news/011298_2.shtml,/blog/events/?old=
/news/012398.shtml,/blog/events/?old=
/news/022897.shtml,/blog/events/?old=
/news/061797.shtml,/blog/events/?old=
/news/062097.shtml,/blog/events/?old=
/news/110198_1.shtml,/blog/events/?old=
/news/aboutus.shtml,/blog/events/?old=
/news/aboutus.shtml,/company-information/
/news/legal.shtml,/legal/
/news/news.shtml,/blog/events/?old=
/pages/_notes/,/products
/pages/,/products
/pages/brazing.html,/products
/pages/brochures.html,/resources/
/pages/careers.html,/
/pages/contact.html,/contact/
/pages/cust_survey.html,/request-a-quote/
/pages/custom.html,/products
/pages/deoiling.html,/products
/pages/esr.html,/products
/pages/events.html,/blog/events/
/pages/heating.html,/products
/pages/info_request.html,/company-information/
/pages/ism.html,/products
/pages/ivl.html,/contact/
/pages/location.html,/company-information/location/
/pages/news.html,/blog/events/?old=
/pages/offices.html,/company-information/location/
/pages/products.html,/products
/pages/profile.html,/company-information/
/pages/quality.html,/products
/pages/seminar_form.html,/products
/pages/seminar.html,/blog/events/
/pages/silicon.html,/products
/pages/sitemap.html,/
/pages/var.html,/products
/pages/vcap.html,/products
/pages/vim.html,/products
/pages/vpic.html,/blog/product_categories/vacuum-precision-investment-casting-furnaces-vpic/
/posters/webpostereng.pdf,/resources/
/posters/webposterspan.pdf,/resources/
/products/contact.shtml,/request-a-quote/
/products/esr.shtml,/products
/products/heating.htm,/products
/products/ism.shtml,/products
/products/ism/ism.html,/products
/products/products.shtml,/products
/products/var.shtml,/products
/products/vim.shtml,/products
/products/vimpc.shtml,/products
/what-is-inductionWhat,/what-is-induction/
/y2kdis.shtml,/products
