/1tunit.htm,/products/
/about_inductotherm.htm,/company-information/
/activities.htm,/company-information/
/billet_making_systems.html,/processes/
/certification.htm,/company-information/
/client.htm,/
/contact.htm,/contact/
/duraline.htm,/products/
/empl.htm,/company-information/
/enquiry_form.html,/request-information/
/faq.htm,/
/feed.htm,/customer-feedback/
/feed1.htm,/customer-feedback/
/heating_application.html,/processes/
/heating.htm,/request-information/
/holding.htm,/
/index.htm,/
/inductotherm_group_worldwide.html,/
/lift.htm,/products/
/mass_heating_application.html,/processes/
/melting_application.html,/processes/
/mini.htm,/products/
/mount.htm,/products/
/network.htm,/
/overview.htm,/
/plant.htm,/company-information/
/product_services.html,/products?lang=
/products.htm,/products/
/profile.htm,/company-information/
/pushout.htm,/products/
/qua-heag.htm,/
/que-forg.htm,/
/que-melt.htm,/
/quehard.htm,/
/quest.htm,/
/reach%20Us.html,/contact/
/roll.htm,/products/
/scan.htm,/blog/product_categories/induction-scanning-systems/
/scan2.htm,/blog/product_categories/induction-scanning-systems/
/sitemap.html,/
/solid.htm,/blog/product_categories/advanced-induction-power-supply-units/
/stati11.htm,/blog/product_categories/advanced-induction-power-supply-units/
/stati12.htm,/blog/product_categories/advanced-induction-power-supply-units/
/stati57.htm,/blog/product_categories/advanced-induction-power-supply-units/
/steel.htm,/products/
/tech.htm,/
/terms.html,/legal/
/therma.htm,/blog/product_categories/thermatool/
/train.htm,/
/tube_pipe_welding_application.html,/processes/
/uni.htm,/blog/product_categories/advanced-induction-power-supply-units/
/uniforge.htm,/blog/product_categories/inductoforge/
/uniscan4.htm,/blog/product_categories/induction-scanning-systems/
/weldseam.htm,/blog/product_categories/aluminium-tube-annealers/
/what_we_do.htm,/
