/agbsfeed/?lang=de,/
/anwendungenfeed/?lang=de,/
/blog/category/pots-de-galvanisation/?lang=fr,/
/blog/category/sechage-de-peinture/?lang=fr,/
/blog/category/trempe-de-rails-et-de-cylindres-de-laminoir/?lang=fr,/
/blog/products/bandkantenerwarmer/,/
/blog/products/block-vorblock-und-knuppelerwarmungsanlagen/,/
/blog/products/booster-erwarmungssysteme/,/
/blog/products/booster-fuer-siliziumstahl/,/
/blog/products/booster-pour-toles-magnetiques/?lang=fr?lang=fr,/
/blog/products/bramenerwarmungssystem-und-nacherwarmungssysteme/,/
/blog/products/chauffage-dans-le-four-de-recuit/?lang=fr?lang=fr,/
/blog/products/chauffage-de-barres-bloom-et-billettes/?lang=fr?lang=fr,/
/blog/products/chauffage-de-rives/?lang=fr?lang=fr,/
/blog/products/chauffage-ou-rechauffage-de-brames/?lang=fr?lang=fr,/
/blog/products/chauffeuses-pour-laminoirs-reducteurs/?lang=fr?lang=fr,/
/blog/products/galvannealing/?lang=fr?lang=fr,/
/blog/products/galvannealingsanlage/,/
/blog/products/kanalbeschichtungspotte/,/
/blog/products/kupfergluhen/,/
/blog/products/lacktrocknungs-und-aushartungssysteme/,/
/blog/products/machine-de-trempe-de-cylindres-de-laminoir/?lang=fr?lang=fr,/
/blog/products/organische-beschichtungstrockner/,/
/blog/products/pots-de-galvanisation-a-canal/?lang=fr?lang=fr,/
/blog/products/pots-de-maintien-temporaire/?lang=fr?lang=fr,/
/blog/products/pots-de-pre-fusion/?lang=fr?lang=fr,/
/blog/products/recuit-de-soudure/?lang=fr?lang=fr,/
/blog/products/recuit-de-tubes-en-cuivre/?lang=fr?lang=fr,/
/blog/products/refusion-detain/?lang=fr?lang=fr,/
/blog/products/rohrerwaermung-fuer-reduzierwalzprozess/,/
/blog/products/schienenharteanlagen/,/
/blog/products/schweisnahtgluhen/,/
/blog/products/sechage-de-peinture/?lang=fr?lang=fr,/
/blog/products/sechage-de-revetement-organique/?lang=fr?lang=fr,/
/blog/products/temporarehaltepotte/,/
/blog/products/tiegel-beschichtungspotte/,/
/blog/products/trempe-de-rails/?lang=fr?lang=fr,/
/blog/products/vorschmelzpotte/,/
/blog/products/walzenharteanlagen/,/
/blog/products/zinn-umschmelzsysteme/,/
/Cheapiphone4s7/index.html,/
/Cheapiphone4s7/index.html%3E,/
/Cheapiphone4s7/index.html%5DCheap,/
/CONDITIONS-GENERALES-ACHAT-BELGIQUE.pdf,/
/de/,/
/de/peuterey-a-paris-8.asp%5Dpeuterey,/
/discussing.php/barbour/barbour-jacka-duke-p-766.html,/
/documentationfeed/?lang=fr,/
/en/docs/CatalogueMTCL.pdf,/
/fr/,/
/fr/balenciagaarenaprix.aspI,/
/housing.php/balenciaga/balenciaga-bag-tassels-p-7188.html,/
/housing.php/fjallraven/fjallraven-kanken-taipei-p-888.html,/
/housing.php/louisvuitton/louis-vuitton-kusama-buy-p-7395.html,/
/housing.php/mulberry/mulberry-classic-alexa-p-9759.html,/
/housing.php/nikefree/womens-nike-free-chevron-p-17672.html,/
/housing.php/parajumpers/parajumpers-gobi-price-p-772.html,/
/housing.php/spyder/spyder-long-coat-p-4382.html,/
/housing.php/ugg/ugg-slippers-men-sale-p-1680.html,/
/informations-pratiques/conditions-dachatfeed/?lang=fr,/
/linduction-cest-quoifeed/?lang=fr,/
/mentions-legalesfeed/?lang=fr,/
/productsfeed/?lang=de,/
/productsfeed/?lang=fr,/
/quellenfeed/?lang=de,/
/sales/cheapiphone32gb5.html,/
/sales/cheapiphone32gb5.html%3E,/
/sales/cheapiphone32gb5.html%5Dcheap,/
/servicefeed/?lang=de,/
/unternehmensinformationen/einkaufbedingungenfeed/?lang=de,/
/was-ist-induktionfeed/?lang=de,/
