/aquecimento/assistencia-tecnica/fabricacao-de-indutores/,/
/aquecimento/processo-e-aplicacoes/aquecimento-por-inducao-para-forja-e-conformacao/,/
/aquecimento/produtos-e-servicos/equipamentos-de-tratamento-termico-por-inducao/,/blog/product_categories/inductotherm-pt-br/
/aquecimento/produtos-e-servicos/equipamentos-de-tratamento-termico-por-inducao/,/blog/product_categories/thermatool-pt-br/
/aquecimento/produtos-e-servicos/equipamentos-de-tratamento-termico-por-inducao/sistemas-especiais-_-automaticos/,/
/aquecimento/produtos-e-servicos/equipamentos-de-tratamento-termico-por-inducao/sistemas-especiais-_-automaticos/centerless/,/
/aquecimento/produtos-e-servicos/equipamentos-de-tratamento-termico-por-inducao/sistemas-especiais-_-automaticos/normalizacao-_-alivio-de-tensao/,/
/aquecimento/produtos-e-servicos/fontes-de-potencia/,/
/aquecimento/produtos-e-servicos/servicos-de-tratamento-termico-por-inducao/,/servicos-de-tratamento-termico-por-inducao/
/artigos/,/
/contato/,/contact-us/
/empresas/,/
/esp/aviso.htm,/
/esp/equipamentos_solda.htm,/
/esp/inductoforge.htm,/
/esp/manipuladores_pick.htm,/blog/product_categories/advanced-induction-power-supply-systems-pt-br/
/esp/normalizacao.htm,/
/esp/reformas_equipamentos.htm,/
/esp/transfer_gantry.htm,/
/evento/12-minasfund-2010.html,/
/evento/15-mecanica-2010.html,/
/evento/17-metalurgia-2010.html,/
/evento/19-1a-feira-das-industrias-indaiatuba.html,/
/evento/22-71_-curso-de-manutencao-serv-melt-joinville-sc.html,/
/evento/39-32__-senafor-2012.html,/
/evento/42-3o-seminario-tecnologias-em-solda-de-tubos.html,/
/evento/48-81o-curso-de-manutencao-indaiatuba-sp.html,/
/evento/54-30a-feira-internacional-da-mecanica-2014.html,/
/evento/61-86o-curso-de-manutencao-bogota-colombia.html,/
/eventos/1,/
/filial-sul-portao-rs/,/
/fusao/,/
/fusao/produtos-e-servicos/conversores-e-componentes/conversor-de-potencia-e-frequencia-vip-power-trak-e-vip-power-melt/,
/fusao/produtos-e-servicos/conversores-e-componentes/conversor-de-potencia-e-frequencia-vip-power-trak-e-vip-power-melt/,/
/fusao/produtos-e-servicos/fornos-e-componentes/,/
/fusao/produtos-e-servicos/fornos-e-componentes/,/blog/product_categories/pt-brinduction-holding-furnaces-pt-br/
/fusao/produtos-e-servicos/fornos-e-componentes/dispositivos-extrator-de-revestimento-refratotrio/,/
/fusao/produtos-e-servicos/fornos-e-componentes/fornos-de-inducao-duraline-coreless/,/
/fusao/produtos-e-servicos/fornos-e-componentes/fornos-de-inducao-heavy-steel-shell-coreless/,/
/fusao/produtos-e-servicos/fornos-e-componentes/fornos-de-inducao-mini-melt-coreless/,/blog/product_categories/thermatool-pt-br/
/fusao/produtos-e-servicos/fornos-e-componentes/fornos-de-inducao-small-steel-shell-coreless/,/
/fusion/,/
/inducto_new/,/
/inducto_new/acessorios.htm,/
/inducto_new/aquecimento.htm,/
/inducto_new/contato.htm,/
/inducto_new/conversor_potencia_power_trak_f.htm,/blog/product_categories/advanced-induction-power-supply-systems-pt-br/
/inducto_new/conversores_componentes_f.htm,/
/inducto_new/equipamentos_forja.htm,/
/inducto_new/equipamentos_solda.htm,/
/inducto_new/fabricacao_indutores.htm,/
/inducto_new/fusao.htm,/
/inducto_new/instalacao.htm,/
/inducto_new/sistemas_padronizados_microscan.htm,/
/inducto_new/uniforge.htm,/
/noticia/15-inductotherm-group-na-feira-da-mecanica-2010.html,/
/noticia/21-inauguracao-do-novo-predio-da-servmelt-em-indaiatuba-sp.html,/
/sobre-a-inductotherm/,/blog/product_categories/inductotherm-pt-br/
/solda-de-tubos/,/processes/
/solda-de-tubos/equipamentos-de-solda-thermatool-/,/
/solda-de-tubos/equipamentos-de-solda-thermatool-/,/blog/products/engineered-structural-sections/
/trabalhe-conosco/,/
