/a5.html,/
/alloy-manufacturing-2feed/?lang=zh-hant,/alloy-manufacturing-2/?lang=zh-hant
/aluminum-melting-2feed/?lang=zh-hant,/aluminum-melting-2/?lang=zh-hant
/ap1.html,/
/ap3.html,/
/ap5.html,/
/ap7.html,/
/ap9.html,/
/application.htm,/processes/
/application.html,/processes/
/Careers.html,/
/company-informationfeed/?lang=zh-hant,/company-information/?lang=zh-hant
/contactfeed/?lang=zh-hant,/contact/?lang=zh-hant
/contactUs.html,/
/copper-copper-alloy-meltingfeed/?lang=zh-hant,/copper-copper-alloy-melting/?lang=zh-hant
/group.htm,inducto.com.tw/
/group.html,inducto.com.tw/
/high-temperature-graphite-heating-2feed/?lang=zh-hant,/high-temperature-graphite-heating-2/?lang=zh-hant
/home.htm,inducto.com.tw/
/ind10.html,/
/ind11.html,/
/ind13.html,/
/ind14.html,/
/ind2.html,/
/index.html,inducto.com.tw/
/induction-heating-for-the-steel-industry-2feed/?lang=zh-hant,/induction-heating-for-the-steel-industry-2/?lang=zh-hant
/inductotw/,/processes/?lang=zh-hant
/industries-marketsfeed/?lang=zh-hant,/industries-markets/?lang=zh-hant
/investment-casting-2feed/?lang=zh-hant,/investment-casting-2/?lang=zh-hant
/iron-meltingfeed/?lang=zh-hant,/iron-melting/?lang=zh-hant
/legal-notice-2feed/?lang=zh-hant,/legal-notice-2/?lang=zh-hant
/modules/article/view.article.php/5,/
/modules/article/view.author.php/u1,/
/precious-metals-melting-2feed/?lang=zh-hant,/precious-metals-melting-2/?lang=zh-hant
/privacy-policyfeed/?lang=zh-hant,/privacy-policy/?lang=zh-hant
/processesfeed/?lang=zh-hant,/processes/?lang=zh-hant
/product.htm,/products
/product.html,/products
/productsfeed/?lang=zh-hant,/products/?lang=zh-hant
/pub1.html,/
/pub1.html,/industries-markets/
/pub2.html,/
/publications.htm,/industries-markets/
/publications.html,/
/rare-earth-other-materials-melting-2feed/?lang=zh-hant,/rare-earth-other-materials-melting-2/?lang=zh-hant
/safety2.html,/
/safetyfeed/?lang=zh-hant,/safety/?lang=zh-hant
/service.htm,/services/
/service.html,/services/
/servicesfeed/?lang=zh-hant,/services/?lang=zh-hant
/serviceSupport.html,/
/silicon-melting-2feed/?lang=zh-hant,/silicon-melting-2/?lang=zh-hant
/steel-stainless-steel-melting-2feed/?lang=zh-hant,/steel-stainless-steel-melting-2/?lang=zh-hant
/terms.html,/
/top.htm,inducto.com.tw/
/vacuum-controlled-atmosphere-melting-2feed/?lang=zh-hant,/vacuum-controlled-atmosphere-melting-2/?lang=zh-hant
/webmail/,/
/what-isinductionfeed/?lang=zh-hant,/what-isinduction/?lang=zh-hant
/zinc-melting-2feed/?lang=zh-hant,/zinc-melting-2/?lang=zh-hant
