/%EA%B0%9C%EC%9D%B8%EC%A0%95%EB%B3%B4/inductotherm@inductotherm.co.kr,/%EA%B0%9C%EC%9D%B8%EC%A0%95%EB%B3%B4/
/%EA%B0%9C%EC%9D%B8%EC%A0%95%EB%B3%B4%EB%B3%B4%ED%98%B8%EC%A0%95%EC%B1%85/inductotherm@inductotherm.co.kr,/%EA%B0%9C%EC%9D%B8%EC%A0%95%EB%B3%B4%EB%B3%B4%ED%98%B8%EC%A0%95%EC%B1%85/
/%ED%9A%8C%EC%82%AC%ED%96%89%EC%82%AC/inductotherm@inductotherm.co.kr,/%ED%9A%8C%EC%82%AC%ED%96%89%EC%82%AC/
/blog/article/%EA%B3%A0%EA%B0%9D%EC%B4%88%EC%B2%AD%EC%84%B8%EB%AF%B8%EB%82%98/inductotherm@inductotherm.co.kr,/blog/article/%EA%B3%A0%EA%B0%9D%EC%B4%88%EC%B2%AD%EC%84%B8%EB%AF%B8%EB%82%98/
/blog/article/inductotherm@inductotherm.co.kr,/blog/article/
/blog/events/inductotherm@inductotherm.co.kr,/blog/events/
/blog/events/thermprocessgifa-2/inductotherm@inductotherm.co.kr,/blog/events/thermprocessgifa-2/
/blog/inductotherm@inductotherm.co.kr,/
/blog/product_categories/%EA%B0%88%EB%B0%94%EB%82%98%EC%9D%B4%EC%A7%95-%EC%9A%A9%EC%9C%B5%EC%95%84%EC%97%B0%EB%8F%84%EA%B8%88/inductotherm@inductotherm.co.kr,/blog/product_categories/%EA%B0%88%EB%B0%94%EB%82%98%EC%9D%B4%EC%A7%95-%EC%9A%A9%EC%9C%B5%EC%95%84%EC%97%B0%EB%8F%84%EA%B8%88/
/blog/product_categories/%EA%B3%A0%EC%A3%BC%ED%8C%8C-%EC%9A%A9%EC%A0%91%EA%B8%B0-en/inductotherm@inductotherm.co.kr,/blog/product_categories/%EA%B3%A0%EC%A3%BC%ED%8C%8C-%EC%9A%A9%EC%A0%91%EA%B8%B0-en/
/blog/product_categories/%EA%B3%A0%EC%A3%BC%ED%8C%8C-%EC%9A%A9%EC%A0%91%EA%B8%B0/inductotherm@inductotherm.co.kr,/blog/product_categories/%EA%B3%A0%EC%A3%BC%ED%8C%8C-%EC%9A%A9%EC%A0%91%EA%B8%B0/
/blog/product_categories/%EB%83%89%EA%B0%81-%ED%85%9C%ED%8D%BC%EB%A7%81/inductotherm@inductotherm.co.kr,/blog/product_categories/%EB%83%89%EA%B0%81-%ED%85%9C%ED%8D%BC%EB%A7%81/
/blog/product_categories/%EB%83%89%EA%B0%81%EC%8B%9C%EC%8A%A4%ED%85%9C/inductotherm@inductotherm.co.kr,/blog/product_categories/%EB%83%89%EA%B0%81%EC%8B%9C%EC%8A%A4%ED%85%9C/
/blog/product_categories/%EB%8F%99-%ED%8A%9C%EB%B8%8C-%EC%96%B4%EB%8B%90%EB%A7%81/inductotherm@inductotherm.co.kr,/blog/product_categories/%EB%8F%99-%ED%8A%9C%EB%B8%8C-%EC%96%B4%EB%8B%90%EB%A7%81/
/blog/product_categories/%EB%A0%88%EC%9D%BC-%EC%95%95%EC%97%B0%EB%A1%A4-%EC%97%B4%EC%B2%98%EB%A6%AC-%EC%8B%9C%EC%8A%A4%ED%85%9C-en/inductotherm@inductotherm.co.kr,/blog/product_categories/%EB%A0%88%EC%9D%BC-%EC%95%95%EC%97%B0%EB%A1%A4-%EC%97%B4%EC%B2%98%EB%A6%AC-%EC%8B%9C%EC%8A%A4%ED%85%9C-en/
/blog/product_categories/%EB%A0%88%EC%9D%BC-%EC%95%95%EC%97%B0%EB%A1%A4-%EC%97%B4%EC%B2%98%EB%A6%AC-%EC%8B%9C%EC%8A%A4%ED%85%9C/inductotherm@inductotherm.co.kr,/blog/product_categories/%EB%A0%88%EC%9D%BC-%EC%95%95%EC%97%B0%EB%A1%A4-%EC%97%B4%EC%B2%98%EB%A6%AC-%EC%8B%9C%EC%8A%A4%ED%85%9C/
/blog/product_categories/%EB%A1%9C%EC%B2%B4/inductotherm@inductotherm.co.kr,/blog/product_categories/%EB%A1%9C%EC%B2%B4/
/blog/product_categories/%EB%AA%A8%EB%93%88%ED%98%95-%EB%B0%94-%EA%B0%80%EC%97%B4%EA%B8%B0/inductotherm@inductotherm.co.kr,/blog/product_categories/%EB%AA%A8%EB%93%88%ED%98%95-%EB%B0%94-%EA%B0%80%EC%97%B4%EA%B8%B0/
/blog/product_categories/%EB%AA%A8%EB%93%88%ED%98%95-%EB%B9%8C%EB%A0%9B-%EA%B0%80%EC%97%B4%EA%B8%B0/inductotherm@inductotherm.co.kr,/blog/product_categories/%EB%AA%A8%EB%93%88%ED%98%95-%EB%B9%8C%EB%A0%9B-%EA%B0%80%EC%97%B4%EA%B8%B0/
/blog/product_categories/%EB%B0%94-%EB%81%9D%EB%8B%A8-%EA%B0%80%EC%97%B4-%EC%8B%9C%EC%8A%A4%ED%85%9C/inductotherm@inductotherm.co.kr,/blog/product_categories/%EB%B0%94-%EB%81%9D%EB%8B%A8-%EA%B0%80%EC%97%B4-%EC%8B%9C%EC%8A%A4%ED%85%9C/
/blog/product_categories/%EB%B0%95%ED%8C%90-%EA%B0%80%EC%97%B4%EA%B8%B0-en/inductotherm@inductotherm.co.kr,/blog/product_categories/%EB%B0%95%ED%8C%90-%EA%B0%80%EC%97%B4%EA%B8%B0-en/
/blog/product_categories/%EB%B0%95%ED%8C%90-%EA%B0%80%EC%97%B4%EA%B8%B0/inductotherm@inductotherm.co.kr,/blog/product_categories/%EB%B0%95%ED%8C%90-%EA%B0%80%EC%97%B4%EA%B8%B0/
/blog/product_categories/%EB%B2%94%EC%9A%A9-%EC%97%B4%EC%B2%98%EB%A6%AC-%EC%8B%9C%EC%8A%A4%ED%85%9C/inductotherm@inductotherm.co.kr,/blog/product_categories/%EB%B2%94%EC%9A%A9-%EC%97%B4%EC%B2%98%EB%A6%AC-%EC%8B%9C%EC%8A%A4%ED%85%9C/
/blog/product_categories/%EB%B3%B4%EC%98%A8%EB%A1%9C/inductotherm@inductotherm.co.kr,/blog/product_categories/%EB%B3%B4%EC%98%A8%EB%A1%9C/
/blog/product_categories/%EB%B9%84%ED%9A%8C%EC%A0%84-%EA%B3%A0%EC%A0%95%EC%8B%9D-%EC%BA%A0%EC%83%A4%ED%94%84%ED%8A%B8-%EC%9C%A0%EB%8F%84%EC%97%B4%EC%B2%98%EB%A6%AC-%EC%84%A4%EB%B9%84/inductotherm@inductotherm.co.kr,/blog/product_categories/%EB%B9%84%ED%9A%8C%EC%A0%84-%EA%B3%A0%EC%A0%95%EC%8B%9D-%EC%BA%A0%EC%83%A4%ED%94%84%ED%8A%B8-%EC%9C%A0%EB%8F%84%EC%97%B4%EC%B2%98%EB%A6%AC-%EC%84%A4%EB%B9%84/
/blog/product_categories/%EB%B9%84%ED%9A%8C%EC%A0%84-%EA%B3%A0%EC%A0%95%EC%8B%9D-%ED%81%AC%EB%9E%AD%ED%81%AC%EC%83%A4%ED%94%84%ED%8A%B8-%EC%9C%A0%EB%8F%84%EC%97%B4%EC%B2%98%EB%A6%AC-%EC%84%A4%EB%B9%84/inductotherm@inductotherm.co.kr,/blog/product_categories/%EB%B9%84%ED%9A%8C%EC%A0%84-%EA%B3%A0%EC%A0%95%EC%8B%9D-%ED%81%AC%EB%9E%AD%ED%81%AC%EC%83%A4%ED%94%84%ED%8A%B8-%EC%9C%A0%EB%8F%84%EC%97%B4%EC%B2%98%EB%A6%AC-%EC%84%A4%EB%B9%84/
/blog/product_categories/%EC%84%BC%EC%84%9C-%EC%A0%9C%EC%96%B4/inductotherm@inductotherm.co.kr,/blog/product_categories/%EC%84%BC%EC%84%9C-%EC%A0%9C%EC%96%B4/
/blog/product_categories/%EC%88%98%EC%A7%81-%EB%B9%8C%EB%A0%9B-%EA%B0%80%EC%97%B4%EA%B8%B0/inductotherm@inductotherm.co.kr,/blog/product_categories/%EC%88%98%EC%A7%81-%EB%B9%8C%EB%A0%9B-%EA%B0%80%EC%97%B4%EA%B8%B0/
/blog/product_categories/%EC%88%98%ED%8F%89-%EB%B9%8C%EB%A0%9B-%EA%B0%80%EC%97%B4%EA%B8%B0/inductotherm@inductotherm.co.kr,/blog/product_categories/%EC%88%98%ED%8F%89-%EB%B9%8C%EB%A0%9B-%EA%B0%80%EC%97%B4%EA%B8%B0/
/blog/product_categories/%EC%9D%B8%EB%8D%95%EC%85%98-%EB%B8%8C%EB%A0%88%EC%9D%B4%EC%A7%95-%EC%86%94%EB%8D%94%EB%A7%81/inductotherm@inductotherm.co.kr,/blog/product_categories/%EC%9D%B8%EB%8D%95%EC%85%98-%EB%B8%8C%EB%A0%88%EC%9D%B4%EC%A7%95-%EC%86%94%EB%8D%94%EB%A7%81/
/blog/product_categories/%EC%9D%B8%EB%8D%95%EC%85%98-%EC%99%80%EC%9D%B4%EC%96%B4-%ED%9E%88%ED%84%B0/inductotherm@inductotherm.co.kr,/blog/product_categories/%EC%9D%B8%EB%8D%95%EC%85%98-%EC%99%80%EC%9D%B4%EC%96%B4-%ED%9E%88%ED%84%B0/
/blog/product_categories/%EC%9D%B8%EB%8D%95%EC%85%98-%ED%8C%8C%EC%9D%B4%ED%94%84-%EB%B2%A4%EB%94%A9-%ED%8F%AC%EB%B0%8D-%EC%8B%9C%EC%8A%A4%ED%85%9C/inductotherm@inductotherm.co.kr,/blog/product_categories/%EC%9D%B8%EB%8D%95%EC%85%98-%ED%8C%8C%EC%9D%B4%ED%94%84-%EB%B2%A4%EB%94%A9-%ED%8F%AC%EB%B0%8D-%EC%8B%9C%EC%8A%A4%ED%85%9C/
/blog/product_categories/%EC%9D%B8%EB%8D%95%EC%85%98-%ED%8C%8C%EC%9D%B4%ED%94%84-%ED%8A%9C%EB%B8%8C-%EC%BD%94%ED%8C%85-%EA%B0%80%EC%97%B4%EA%B8%B0/inductotherm@inductotherm.co.kr,/blog/product_categories/%EC%9D%B8%EB%8D%95%EC%85%98-%ED%8C%8C%EC%9D%B4%ED%94%84-%ED%8A%9C%EB%B8%8C-%EC%BD%94%ED%8C%85-%EA%B0%80%EC%97%B4%EA%B8%B0/
/blog/product_categories/%EC%9E%90%EB%8F%99%EC%A3%BC%EC%9E%85%EA%B8%B0/inductotherm@inductotherm.co.kr,/blog/product_categories/%EC%9E%90%EB%8F%99%EC%A3%BC%EC%9E%85%EA%B8%B0/
/blog/product_categories/%EC%A0%84%EA%B8%B0%EC%9C%A0%EB%8F%84%EC%9A%A9%ED%95%B4%EB%A1%9C/inductotherm@inductotherm.co.kr,/blog/product_categories/%EC%A0%84%EA%B8%B0%EC%9C%A0%EB%8F%84%EC%9A%A9%ED%95%B4%EB%A1%9C/
/blog/product_categories/%EC%A0%84%EC%9B%90%EA%B3%B5%EA%B8%89%EC%9E%A5%EC%B9%98/inductotherm@inductotherm.co.kr,/blog/product_categories/%EC%A0%84%EC%9B%90%EA%B3%B5%EA%B8%89%EC%9E%A5%EC%B9%98/
/blog/product_categories/%ED%8A%9C%EB%B8%8C-%EA%B0%80%EC%97%B4%EA%B8%B0-%EC%8B%AC-%EC%96%B4%EB%8B%90%EB%9F%AC/inductotherm@inductotherm.co.kr,/blog/product_categories/%ED%8A%9C%EB%B8%8C-%EA%B0%80%EC%97%B4%EA%B8%B0-%EC%8B%AC-%EC%96%B4%EB%8B%90%EB%9F%AC/
/blog/product_categories/alpha-sensors-and-controls/inductotherm@inductotherm.co.kr,/blog/product_categories/alpha-sensors-and-controls/
/blog/product_categories/alpha/inductotherm@inductotherm.co.kr,/blog/product_categories/alpha/
/blog/product_categories/automated-pouring-systems/inductotherm@inductotherm.co.kr,/blog/product_categories/automated-pouring-systems/
/blog/product_categories/banyard-%EB%B0%98%EC%95%BC%EB%93%9C/inductotherm@inductotherm.co.kr,/blog/product_categories/banyard-%EB%B0%98%EC%95%BC%EB%93%9C/
/blog/product_categories/banyard/inductotherm@inductotherm.co.kr,/blog/product_categories/banyard/
/blog/product_categories/boost-induction-heaters-ko/inductotherm@inductotherm.co.kr,/blog/product_categories/boost-induction-heaters-ko/
/blog/product_categories/brazing-and-soldering-systems/inductotherm@inductotherm.co.kr,/blog/product_categories/brazing-and-soldering-systems/
/blog/product_categories/consarc-en/inductotherm@inductotherm.co.kr,/blog/product_categories/consarc-en/
/blog/product_categories/consarc/inductotherm@inductotherm.co.kr,/blog/product_categories/consarc/
/blog/product_categories/cooling-systems/inductotherm@inductotherm.co.kr,/blog/product_categories/cooling-systems/
/blog/product_categories/copper-tube-annealing/inductotherm@inductotherm.co.kr,/blog/product_categories/copper-tube-annealing/
/blog/product_categories/electroslag-remelting-furnaces-esr-en/inductotherm@inductotherm.co.kr,/blog/product_categories/electroslag-remelting-furnaces-esr-en/
/blog/product_categories/engineered-structural-sections-en/inductotherm@inductotherm.co.kr,/blog/product_categories/engineered-structural-sections-en/
/blog/product_categories/fluxmanager-%ED%8A%9C%EB%B8%8C-%ED%8C%8C%EC%9D%B4%ED%94%84-%EC%97%B4%EC%B2%98%EB%A6%AC-%EC%8B%9C%EC%8A%A4%ED%85%9C/inductotherm@inductotherm.co.kr,/blog/product_categories/fluxmanager-%ED%8A%9C%EB%B8%8C-%ED%8C%8C%EC%9D%B4%ED%94%84-%EC%97%B4%EC%B2%98%EB%A6%AC-%EC%8B%9C%EC%8A%A4%ED%85%9C/
/blog/product_categories/flying-saws/inductotherm@inductotherm.co.kr,/blog/product_categories/flying-saws/
/blog/product_categories/galvanizing-pots-ko/,/blog/product_categories/%EA%B0%88%EB%B0%94%EB%82%98%EC%9D%B4%EC%A7%95-%EC%9A%A9%EC%9C%B5%EC%95%84%EC%97%B0%EB%8F%84%EA%B8%88/
/blog/product_categories/galvanizing-pots/inductotherm@inductotherm.co.kr,/blog/product_categories/galvanizing-pots/
/blog/product_categories/general-heat-treating-systems/inductotherm@inductotherm.co.kr,/blog/product_categories/general-heat-treating-systems/
/blog/product_categories/high-speed-flying-shears/inductotherm@inductotherm.co.kr,/blog/product_categories/high-speed-flying-shears/
/blog/product_categories/horizontal-billet-heaters-non-ferrous/inductotherm@inductotherm.co.kr,/blog/product_categories/horizontal-billet-heaters-non-ferrous/
/blog/product_categories/induction-holding-furnaces/inductotherm@inductotherm.co.kr,/blog/product_categories/induction-holding-furnaces/
/blog/product_categories/induction-scaninng-systems/inductotherm@inductotherm.co.kr,/blog/product_categories/induction-scaninng-systems/
/blog/product_categories/induction-scanning-systems/inductotherm@inductotherm.co.kr,/blog/product_categories/induction-scanning-systems/
/blog/product_categories/induction-skull-melting-furnaces-ism-en/inductotherm@inductotherm.co.kr,/blog/product_categories/induction-skull-melting-furnaces-ism-en/
/blog/product_categories/induction-skull-melting-furnaces-ism/inductotherm@inductotherm.co.kr,/blog/product_categories/induction-skull-melting-furnaces-ism/
/blog/product_categories/induction-systems-for-vacuum-and-controlled-atmospheres/inductotherm@inductotherm.co.kr,/blog/product_categories/induction-systems-for-vacuum-and-controlled-atmospheres/
/blog/product_categories/inductoforge-ko/inductotherm@inductotherm.co.kr,/blog/product_categories/inductoforge-ko/
/blog/product_categories/inductoforge-modular-bar-heating-systems-inductoforge/inductotherm@inductotherm.co.kr,/blog/product_categories/inductoforge-modular-bar-heating-systems-inductoforge/
/blog/product_categories/inductoforge/inductotherm@inductotherm.co.kr,/blog/product_categories/inductoforge/
/blog/product_categories/inductoheat-en-en/inductotherm@inductotherm.co.kr,/blog/product_categories/inductoheat-en-en/
/blog/product_categories/inductoheat-en/inductotherm@inductotherm.co.kr,/blog/product_categories/inductoheat-en/
/blog/product_categories/inductoheat/inductotherm@inductotherm.co.kr,/blog/product_categories/inductoheat/
/blog/product_categories/inductoscan-ko/inductotherm@inductotherm.co.kr,/blog/product_categories/inductoscan-ko/
/blog/product_categories/inductoscan/inductotherm@inductotherm.co.kr,/blog/product_categories/inductoscan/
/blog/product_categories/inductotherm-ko/inductotherm@inductotherm.co.kr,/blog/product_categories/inductotherm-ko/
/blog/product_categories/inductotherm@inductotherm.co.kr,/products?lang=ko
/blog/product_categories/inductotherm/inductotherm@inductotherm.co.kr,/blog/product_categories/inductotherm/
/blog/product_categories/iross-%EC%95%84%EC%9D%B4%EB%A1%9C%EC%8A%A4-%ED%8C%8C%EC%9D%B4%ED%94%84-%EB%81%9D%EB%8B%A8-%EA%B0%80%EC%97%B4%EA%B8%B0/inductotherm@inductotherm.co.kr,/blog/product_categories/iross-%EC%95%84%EC%9D%B4%EB%A1%9C%EC%8A%A4-%ED%8C%8C%EC%9D%B4%ED%94%84-%EB%81%9D%EB%8B%A8-%EA%B0%80%EC%97%B4%EA%B8%B0/
/blog/product_categories/iross/inductotherm@inductotherm.co.kr,/blog/product_categories/iross/
/blog/product_categories/material-handling-systems/inductotherm@inductotherm.co.kr,/blog/product_categories/material-handling-systems/
/blog/product_categories/melt-shop-control-systems/inductotherm@inductotherm.co.kr,/blog/product_categories/melt-shop-control-systems/
/blog/product_categories/pipe-bending-forming-systems/inductotherm@inductotherm.co.kr,/blog/product_categories/pipe-bending-forming-systems/
/blog/product_categories/pipetube-heating-coating-curing-systems/inductotherm@inductotherm.co.kr,/blog/product_categories/pipetube-heating-coating-curing-systems/
/blog/product_categories/radyne/inductotherm@inductotherm.co.kr,/blog/product_categories/radyne/
/blog/product_categories/rail-and-mill-roll-hardening-systems/inductotherm@inductotherm.co.kr,/blog/product_categories/rail-and-mill-roll-hardening-systems/
/blog/product_categories/raydyne-%EB%A0%88%EC%9D%B4%EB%8B%A4%EC%9D%B8/inductotherm@inductotherm.co.kr,/products?lang=ko
/blog/product_categories/single-multi-wire-induction-heating-systems/inductotherm@inductotherm.co.kr,/blog/product_categories/single-multi-wire-induction-heating-systems/
/blog/product_categories/slab-bloom-and-transfer-bar-heaters/inductotherm@inductotherm.co.kr,/blog/product_categories/slab-bloom-and-transfer-bar-heaters/
/blog/product_categories/slab-bloom-bar-%EA%B0%80%EC%97%B4%EA%B8%B0/inductotherm@inductotherm.co.kr,/blog/product_categories/slab-bloom-bar-%EA%B0%80%EC%97%B4%EA%B8%B0/
/blog/product_categories/strip-heating-systems/inductotherm@inductotherm.co.kr,/blog/product_categories/strip-heating-systems/
/blog/product_categories/thermatool-ko-en/inductotherm@inductotherm.co.kr,/blog/product_categories/thermatool-ko-en/
/blog/product_categories/thermatool-ko/inductotherm@inductotherm.co.kr,/blog/product_categories/thermatool-ko/
/blog/product_categories/thermatool/inductotherm@inductotherm.co.kr,/blog/product_categories/thermatool/
/blog/product_categories/tube-heaters-seam-annealers/inductotherm@inductotherm.co.kr,/blog/product_categories/tube-heaters-seam-annealers/
/blog/product_categories/vacuum-aluminum-brazing-furnaces-vab-ko-en/inductotherm@inductotherm.co.kr,/blog/product_categories/vacuum-aluminum-brazing-furnaces-vab-ko-en/
/blog/product_categories/vacuum-aluminum-brazing-furnaces-vab-ko/inductotherm@inductotherm.co.kr,/blog/product_categories/vacuum-aluminum-brazing-furnaces-vab-ko/
/blog/product_categories/vacuum-arc-remelting-furnaces-var-en/inductotherm@inductotherm.co.kr,/blog/product_categories/vacuum-arc-remelting-furnaces-var-en/
/blog/product_categories/vacuum-cap-furnaces-vcap-en/inductotherm@inductotherm.co.kr,/blog/product_categories/vacuum-cap-furnaces-vcap-en/
/blog/product_categories/vacuum-deoiling-furnaces-vd-ko/inductotherm@inductotherm.co.kr,/blog/product_categories/vacuum-deoiling-furnaces-vd-ko/
/blog/product_categories/vacuum-deoiling-furnaces-vd/inductotherm@inductotherm.co.kr,/blog/product_categories/vacuum-deoiling-furnaces-vd/
/blog/product_categories/vacuum-heat-treatment-vht-and-brazing-furnaces/inductotherm@inductotherm.co.kr,/blog/product_categories/vacuum-heat-treatment-vht-and-brazing-furnaces/
/blog/product_categories/vacuum-induction-melting-furnaces-vim-en/inductotherm@inductotherm.co.kr,/blog/product_categories/vacuum-induction-melting-furnaces-vim-en/
/blog/product_categories/vacuum-induction-melting-furnaces-vim/inductotherm@inductotherm.co.kr,/blog/product_categories/vacuum-induction-melting-furnaces-vim/
/blog/product_categories/vacuum-precision-investment-casting-furnaces-vpic-en/inductotherm@inductotherm.co.kr,/blog/product_categories/vacuum-precision-investment-casting-furnaces-vpic-en/
/blog/product_categories/vertical-billet-heaters/inductotherm@inductotherm.co.kr,/blog/product_categories/vertical-billet-heaters/
/blog/products/1-%EB%93%80%EB%9E%84%EB%9D%BC%EC%9D%B8-%EB%A1%9C%EC%B2%B4/inductotherm@inductotherm.co.kr,/blog/products/1-%EB%93%80%EB%9E%84%EB%9D%BC%EC%9D%B8-%EB%A1%9C%EC%B2%B4/
/blog/products/accelerator-upgrade/inductotherm@inductotherm.co.kr,/blog/products/accelerator-upgrade/
/blog/products/acr-copper-tube-annealer/inductotherm@inductotherm.co.kr,/blog/products/acr-copper-tube-annealer/
/blog/products/aluminium-and-light-alloy-induction-billet-heaters/inductotherm@inductotherm.co.kr,/blog/products/aluminium-and-light-alloy-induction-billet-heaters/
/blog/products/aluminium-light-alloy-induction-billet-heaters/inductotherm@inductotherm.co.kr,/blog/products/aluminium-light-alloy-induction-billet-heaters/
/blog/products/aluminium-tube-induction-annealing-systems-3/inductotherm@inductotherm.co.kr,/blog/products/aluminium-tube-induction-annealing-systems-3/
/blog/products/arms-systems/inductotherm@inductotherm.co.kr,/blog/products/arms-systems/
/blog/products/bar-bloom-and-billet-heating-systems-2/inductotherm@inductotherm.co.kr,/blog/products/bar-bloom-and-billet-heating-systems-2/
/blog/products/bar-end-heating-systems-3/inductotherm@inductotherm.co.kr,/blog/products/bar-end-heating-systems-3/
/blog/products/boost-heating-systems-2/inductotherm@inductotherm.co.kr,/blog/products/boost-heating-systems-2/
/blog/products/boost-induction-heaters-for-aluminium-brass-and-copper-billets/inductotherm@inductotherm.co.kr,/blog/products/boost-induction-heaters-for-aluminium-brass-and-copper-billets/
/blog/products/brass-and-copper-alloy-induction-billet-heaters/inductotherm@inductotherm.co.kr,/blog/products/brass-and-copper-alloy-induction-billet-heaters/
/blog/products/brazing-sintering-soldering-systems/inductotherm@inductotherm.co.kr,/blog/products/brazing-sintering-soldering-systems/
/blog/products/bright-annealing-tube-line-2/inductotherm@inductotherm.co.kr,/blog/products/bright-annealing-tube-line-2/
/blog/products/bright-annealing-tube-line/inductotherm@inductotherm.co.kr,/blog/products/bright-annealing-tube-line/
/blog/products/bright-annealing-wire-line-2/inductotherm@inductotherm.co.kr,/blog/products/bright-annealing-wire-line-2/
/blog/products/bright-annealing-wire-line/inductotherm@inductotherm.co.kr,/blog/products/bright-annealing-wire-line/
/blog/products/campro-stationary-induction-heat-treating-for-camshafts/inductotherm@inductotherm.co.kr,/blog/products/campro-stationary-induction-heat-treating-for-camshafts/
/blog/products/carbide-brazing-systems/inductotherm@inductotherm.co.kr,/blog/products/carbide-brazing-systems/
/blog/products/cfi-hf-welder/inductotherm@inductotherm.co.kr,/blog/products/cfi-hf-welder/
/blog/products/cfi/inductotherm@inductotherm.co.kr,/blog/products/cfi/
/blog/products/channel-coating-pots-2/inductotherm@inductotherm.co.kr,/blog/products/channel-coating-pots-2/
/blog/products/channel-holding-furnaces-2/inductotherm@inductotherm.co.kr,/blog/products/channel-holding-furnaces-2/
/blog/products/channel-holding-furnaces/inductotherm@inductotherm.co.kr,/blog/products/channel-holding-furnaces/
/blog/products/charging-systems/inductotherm@inductotherm.co.kr,/blog/products/charging-systems/
/blog/products/clamshell-vacuum-heat-treatment-furnaces/inductotherm@inductotherm.co.kr,/blog/products/clamshell-vacuum-heat-treatment-furnaces/
/blog/products/concentric-brazing-system/inductotherm@inductotherm.co.kr,/blog/products/concentric-brazing-system/
/blog/products/containerised-offshore-pipe-heaters/inductotherm@inductotherm.co.kr,/blog/products/containerised-offshore-pipe-heaters/
/blog/products/controller-upgrade/inductotherm@inductotherm.co.kr,/blog/products/controller-upgrade/
/blog/products/coreless-coating-pots-2/inductotherm@inductotherm.co.kr,/blog/products/coreless-coating-pots-2/
/blog/products/coreless-coating-pots/inductotherm@inductotherm.co.kr,/blog/products/coreless-coating-pots/
/blog/products/coreless-holding-furnaces-2/inductotherm@inductotherm.co.kr,/blog/products/coreless-holding-furnaces-2/
/blog/products/coreless-holding-furnaces/inductotherm@inductotherm.co.kr,/blog/products/coreless-holding-furnaces/
/blog/products/crankpro-stationary-induction-heat-treating-for-crankshafts/inductotherm@inductotherm.co.kr,/blog/products/crankpro-stationary-induction-heat-treating-for-crankshafts/
/blog/products/cs2-170/inductotherm@inductotherm.co.kr,/blog/products/cs2-170/
/blog/products/dacxtreme-dacxtreme-plus-and-adiabatic-cooling-systems/inductotherm@inductotherm.co.kr,/blog/products/dacxtreme-dacxtreme-plus-and-adiabatic-cooling-systems/
/blog/products/dura-line-furnaces-2/inductotherm@inductotherm.co.kr,/blog/products/dura-line-furnaces-2/
/blog/products/dura-line-furnaces/inductotherm@inductotherm.co.kr,/blog/products/dura-line-furnaces/
/blog/products/edge-heating-systems-2/inductotherm@inductotherm.co.kr,/blog/products/edge-heating-systems-2/
/blog/products/electrode-vim-furnaces-2/inductotherm@inductotherm.co.kr,/blog/products/electrode-vim-furnaces-2/
/blog/products/electrode-vim-furnaces/inductotherm@inductotherm.co.kr,/blog/products/electrode-vim-furnaces/
/blog/products/electromagnetic-cold-crucible-2/inductotherm@inductotherm.co.kr,/blog/products/electromagnetic-cold-crucible-2/
/blog/products/electroslag-remelting-furnaces/inductotherm@inductotherm.co.kr,/blog/products/electroslag-remelting-furnaces/
/blog/products/flexscan-scanners/inductotherm@inductotherm.co.kr,/blog/products/flexscan-scanners/
/blog/products/fluid-and-fuel-tube-brazing-systems/inductotherm@inductotherm.co.kr,/blog/products/fluid-and-fuel-tube-brazing-systems/
/blog/products/fs170/inductotherm@inductotherm.co.kr,/blog/products/fs170/
/blog/products/full-body-annealers/inductotherm@inductotherm.co.kr,/blog/products/full-body-annealers/
/blog/products/galvannealing-systems-2/inductotherm@inductotherm.co.kr,/blog/products/galvannealing-systems-2/
/blog/products/graphite-heating-systems/inductotherm@inductotherm.co.kr,/blog/products/graphite-heating-systems/
/blog/products/haz-control-technology-welders/inductotherm@inductotherm.co.kr,/blog/products/haz-control-technology-welders/
/blog/products/hazcontrol-technology-hf-welders/inductotherm@inductotherm.co.kr,/blog/products/hazcontrol-technology-hf-welders/
/blog/products/heat-recovery-systems/inductotherm@inductotherm.co.kr,/blog/products/heat-recovery-systems/
/blog/products/heavy-steel-shell-furnaces/inductotherm@inductotherm.co.kr,/blog/products/heavy-steel-shell-furnaces/
/blog/products/high-power-hf-welders-2/inductotherm@inductotherm.co.kr,/blog/products/high-power-hf-welders-2/
/blog/products/high-power-hf-welders/inductotherm@inductotherm.co.kr,/blog/products/high-power-hf-welders/
/blog/products/high-resistance-load-hrl-melting-systems/inductotherm@inductotherm.co.kr,/blog/products/high-resistance-load-hrl-melting-systems/
/blog/products/horizontal-vacuum-heat-treatment-furnaces/inductotherm@inductotherm.co.kr,/blog/products/horizontal-vacuum-heat-treatment-furnaces/
/blog/products/horizontal-vacuum-precision-investment-casting-furnaces/inductotherm@inductotherm.co.kr,/blog/products/horizontal-vacuum-precision-investment-casting-furnaces/
/blog/products/induction-vacuum-heat-treatment-furnaces-2/inductotherm@inductotherm.co.kr,/blog/products/induction-vacuum-heat-treatment-furnaces-2/
/blog/products/induction-vacuum-heat-treatment-furnaces/inductotherm@inductotherm.co.kr,/blog/products/induction-vacuum-heat-treatment-furnaces/
/blog/products/inductoforge-continuous-bar-heating-systems/inductotherm@inductotherm.co.kr,/blog/products/inductoforge-continuous-bar-heating-systems/
/blog/products/inductoforge-modular-bar-heating-systems/inductotherm@inductotherm.co.kr,/blog/products/inductoforge-modular-bar-heating-systems/
/blog/products/inductoforge-modular-billet-heating-system-2/inductotherm@inductotherm.co.kr,/blog/products/inductoforge-modular-billet-heating-system-2/
/blog/products/inductoforge-modular-billet-heating-system/inductotherm@inductotherm.co.kr,/blog/products/inductoforge-modular-billet-heating-system/
/blog/products/inductoscan-modular-heat-treating-system/inductotherm@inductotherm.co.kr,/blog/products/inductoscan-modular-heat-treating-system/
/blog/products/inductoscan-modular-scanning-system/inductotherm@inductotherm.co.kr,/blog/products/inductoscan-modular-scanning-system/
/blog/products/inductoscan-xl-modular-heat-treating-system/inductotherm@inductotherm.co.kr,/blog/products/inductoscan-xl-modular-heat-treating-system/
/blog/products/inductoscan-xl-modular-scanning-system/inductotherm@inductotherm.co.kr,/blog/products/inductoscan-xl-modular-scanning-system/
/blog/products/large-caliber-anummition-annealing/inductotherm@inductotherm.co.kr,/blog/products/large-caliber-anummition-annealing/
/blog/products/large-electroslag-remelting-furnaces/inductotherm@inductotherm.co.kr,/blog/products/large-electroslag-remelting-furnaces/
/blog/products/lift-swing-furnaces-2/inductotherm@inductotherm.co.kr,/blog/products/lift-swing-furnaces-2/
/blog/products/lift-swing-furnaces/inductotherm@inductotherm.co.kr,/blog/products/lift-swing-furnaces/
/blog/products/line-frequency-heating-systems-2/inductotherm@inductotherm.co.kr,/blog/products/line-frequency-heating-systems-2/
/blog/products/line-frequency-heating-systems/inductotherm@inductotherm.co.kr,/blog/products/line-frequency-heating-systems/
/blog/products/line-pipe-heating-system-2/inductotherm@inductotherm.co.kr,/blog/products/line-pipe-heating-system-2/
/blog/products/line-pipe-heating-system/inductotherm@inductotherm.co.kr,/blog/products/line-pipe-heating-system/
/blog/products/mach-i/inductotherm@inductotherm.co.kr,/blog/products/mach-i/
/blog/products/mach-ii/inductotherm@inductotherm.co.kr,/blog/products/mach-ii/
/blog/products/master-alloy-vim-furnaces-2/inductotherm@inductotherm.co.kr,/blog/products/master-alloy-vim-furnaces-2/
/blog/products/master-alloy-vim-furnaces/inductotherm@inductotherm.co.kr,/blog/products/master-alloy-vim-furnaces/
/blog/products/melt-manager-control-systems-2/inductotherm@inductotherm.co.kr,/blog/products/melt-manager-control-systems-2/
/blog/products/melt-manager-control-systems/inductotherm@inductotherm.co.kr,/blog/products/melt-manager-control-systems/
/blog/products/melt-manager-plus-control-systems-2/inductotherm@inductotherm.co.kr,/blog/products/melt-manager-plus-control-systems-2/
/blog/products/melt-manager-plus-control-systems/inductotherm@inductotherm.co.kr,/blog/products/melt-manager-plus-control-systems/
/blog/products/meltminder-300-melt-shop-control-and-management-systems-6/inductotherm@inductotherm.co.kr,/blog/products/meltminder-300-melt-shop-control-and-management-systems-6/
/blog/products/merlin-coating-systems/inductotherm@inductotherm.co.kr,/blog/products/merlin-coating-systems/
/blog/products/mill-roll-hardening-systems-2/inductotherm@inductotherm.co.kr,/blog/products/mill-roll-hardening-systems-2/
/blog/products/mini-melt-furnaces-2/inductotherm@inductotherm.co.kr,/blog/products/mini-melt-furnaces-2/
/blog/products/mini-melt-furnaces/inductotherm@inductotherm.co.kr,/blog/products/mini-melt-furnaces/
/blog/products/mpower/inductotherm@inductotherm.co.kr,/blog/products/mpower/
/blog/products/multi-pour-systems/inductotherm@inductotherm.co.kr,/blog/products/multi-pour-systems/
/blog/products/multi-wire-line-2/inductotherm@inductotherm.co.kr,/blog/products/multi-wire-line-2/
/blog/products/multi-wire-line/inductotherm@inductotherm.co.kr,/blog/products/multi-wire-line/
/blog/products/multiple-electrode-electroslag-remelting-furnaces/inductotherm@inductotherm.co.kr,/blog/products/multiple-electrode-electroslag-remelting-furnaces/
/blog/products/offshore-clam-coils/inductotherm@inductotherm.co.kr,/blog/products/offshore-clam-coils/
/blog/products/paint-and-coating-drying-systems-2/inductotherm@inductotherm.co.kr,/blog/products/paint-and-coating-drying-systems-2/
/blog/products/phase-3-tube-pipe-heating-system/inductotherm@inductotherm.co.kr,/blog/products/phase-3-tube-pipe-heating-system/
/blog/products/pipe-heat-bending-system-2/inductotherm@inductotherm.co.kr,/blog/products/pipe-heat-bending-system-2/
/blog/products/pipe-heat-bending-system/inductotherm@inductotherm.co.kr,/blog/products/pipe-heat-bending-system/
/blog/products/power-window-ladle-systems/inductotherm@inductotherm.co.kr,/blog/products/power-window-ladle-systems/
/blog/products/pre-melting-pots/inductotherm@inductotherm.co.kr,/blog/products/pre-melting-pots/
/blog/products/pressure-pour-systems-2/inductotherm@inductotherm.co.kr,/blog/products/pressure-pour-systems-2/
/blog/products/pressure-pour-systems/inductotherm@inductotherm.co.kr,/blog/products/pressure-pour-systems/
/blog/products/pump-modules/inductotherm@inductotherm.co.kr,/blog/products/pump-modules/
/blog/products/push-out-furnaces-2/inductotherm@inductotherm.co.kr,/blog/products/push-out-furnaces-2/
/blog/products/push-out-furnaces/inductotherm@inductotherm.co.kr,/blog/products/push-out-furnaces/
/blog/products/quench-and-temper-2/inductotherm@inductotherm.co.kr,/blog/products/quench-and-temper-2/
/blog/products/quench-and-temper/inductotherm@inductotherm.co.kr,/blog/products/quench-and-temper/
/blog/products/quick-trak-systems/inductotherm@inductotherm.co.kr,/blog/products/quick-trak-systems/
/blog/products/rail-hardening-systems-2/inductotherm@inductotherm.co.kr,/blog/products/rail-hardening-systems-2/
/blog/products/reactive-var-furnaces-rvar/inductotherm@inductotherm.co.kr,/blog/products/reactive-var-furnaces-rvar/
/blog/products/rollover-furnaces-2/inductotherm@inductotherm.co.kr,/blog/products/rollover-furnaces-2/
/blog/products/rotary-brazing-systems-2/inductotherm@inductotherm.co.kr,/blog/products/rotary-brazing-systems-2/
/blog/products/rotary-brazing-systems/inductotherm@inductotherm.co.kr,/blog/products/rotary-brazing-systems/
/blog/products/scanmaster-scanners/inductotherm@inductotherm.co.kr,/blog/products/scanmaster-scanners/
/blog/products/seam-annealers-2/inductotherm@inductotherm.co.kr,/blog/products/seam-annealers-2/
/blog/products/seamscan/inductotherm@inductotherm.co.kr,/blog/products/seamscan/
/blog/products/single-chamber/inductotherm@inductotherm.co.kr,/blog/products/single-chamber/
/blog/products/single-phase-tube-pipe-heating-system-2/inductotherm@inductotherm.co.kr,/blog/products/single-phase-tube-pipe-heating-system-2/
/blog/products/single-phase-tube-pipe-heating-system-4/inductotherm@inductotherm.co.kr,/blog/products/single-phase-tube-pipe-heating-system-4/
/blog/products/slab-heating-and-reheating-systems-2/inductotherm@inductotherm.co.kr,/blog/products/slab-heating-and-reheating-systems-2/
/blog/products/slab-heating-and-reheating-systems/inductotherm@inductotherm.co.kr,/blog/products/slab-heating-and-reheating-systems/
/blog/products/small-caliber-anummition-annealing/inductotherm@inductotherm.co.kr,/blog/products/small-caliber-anummition-annealing/
/blog/products/small-rd-vim-furnaces-2/inductotherm@inductotherm.co.kr,/blog/products/small-rd-vim-furnaces-2/
/blog/products/small-rd-vim-furnaces/inductotherm@inductotherm.co.kr,/blog/products/small-rd-vim-furnaces/
/blog/products/small-steel-shell-furnaces-2/inductotherm@inductotherm.co.kr,/blog/products/small-steel-shell-furnaces-2/
/blog/products/smartanneal/inductotherm@inductotherm.co.kr,/blog/products/smartanneal/
/blog/products/spring-wire-line/inductotherm@inductotherm.co.kr,/blog/products/spring-wire-line/
/blog/products/static-electroslag-remelting-furnaces/inductotherm@inductotherm.co.kr,/blog/products/static-electroslag-remelting-furnaces/
/blog/products/statiscan-ii-modular-heat-treating-system/inductotherm@inductotherm.co.kr,/blog/products/statiscan-ii-modular-heat-treating-system/
/blog/products/statiscan-ii-modular-scanning-system/inductotherm@inductotherm.co.kr,/blog/products/statiscan-ii-modular-scanning-system/
/blog/products/statiscan-iv-induction-scanning-system-2/inductotherm@inductotherm.co.kr,/blog/products/statiscan-iv-induction-scanning-system-2/
/blog/products/statiscan-iv-induction-scanning-system/inductotherm@inductotherm.co.kr,/blog/products/statiscan-iv-induction-scanning-system/
/blog/products/steel-frame-furnaces-2/inductotherm@inductotherm.co.kr,/blog/products/steel-frame-furnaces-2/
/blog/products/super-alloy-vacuum-arc-remelting-furnaces/inductotherm@inductotherm.co.kr,/blog/products/super-alloy-vacuum-arc-remelting-furnaces/
/blog/products/tandem-chamber/inductotherm@inductotherm.co.kr,/blog/products/tandem-chamber/
/blog/products/temporary-holding-pots-2/inductotherm@inductotherm.co.kr,/blog/products/temporary-holding-pots-2/
/blog/products/thermaview-2/inductotherm@inductotherm.co.kr,/blog/products/thermaview-2/
/blog/products/tilt-pour-systems/inductotherm@inductotherm.co.kr,/blog/products/tilt-pour-systems/
/blog/products/tin-reflow-systems-2/inductotherm@inductotherm.co.kr,/blog/products/tin-reflow-systems-2/
/blog/products/top-loading-vacuum-heat-treat-furnaces/inductotherm@inductotherm.co.kr,/blog/products/top-loading-vacuum-heat-treat-furnaces/
/blog/products/tundish-systems-2/inductotherm@inductotherm.co.kr,/blog/products/tundish-systems-2/
/blog/products/two-chamber-horizontal-induction-skull-melting-furnace/inductotherm@inductotherm.co.kr,/blog/products/two-chamber-horizontal-induction-skull-melting-furnace/
/blog/products/vacuum-aluminum-brazing-furnaces-2/inductotherm@inductotherm.co.kr,/blog/products/vacuum-aluminum-brazing-furnaces-2/
/blog/products/vacuum-aluminum-brazing-furnaces/inductotherm@inductotherm.co.kr,/blog/products/vacuum-aluminum-brazing-furnaces/
/blog/products/vacuum-arc-remelting-furnaces/inductotherm@inductotherm.co.kr,/blog/products/vacuum-arc-remelting-furnaces/
/blog/products/vacuum-cap-furnaces-2/inductotherm@inductotherm.co.kr,/blog/products/vacuum-cap-furnaces-2/
/blog/products/vacuum-cap-furnaces/inductotherm@inductotherm.co.kr,/blog/products/vacuum-cap-furnaces/
/blog/products/vacuum-deoiling-furnaces-2/inductotherm@inductotherm.co.kr,/blog/products/vacuum-deoiling-furnaces-2/
/blog/products/vacuum-deoiling-furnaces/inductotherm@inductotherm.co.kr,/blog/products/vacuum-deoiling-furnaces/
/blog/products/vacuum-induction-melting-systems/inductotherm@inductotherm.co.kr,/blog/products/vacuum-induction-melting-systems/
/blog/products/vacuum-precision-induction-casting-furnaces/inductotherm@inductotherm.co.kr,/blog/products/vacuum-precision-induction-casting-furnaces/
/blog/products/vertical-steel-induction-billet-heating-systems-2/inductotherm@inductotherm.co.kr,/blog/products/vertical-steel-induction-billet-heating-systems-2/
/blog/products/vertical-steel-induction-billet-heating-systems/inductotherm@inductotherm.co.kr,/blog/products/vertical-steel-induction-billet-heating-systems/
/blog/products/vertical-vacuum-precision-investment-casting-furnaces/inductotherm@inductotherm.co.kr,/blog/products/vertical-vacuum-precision-investment-casting-furnaces/
/blog/products/vip-i-plus-power-supply-units-2/inductotherm@inductotherm.co.kr,/blog/products/vip-i-plus-power-supply-units-2/
/blog/products/vip-i-plus-power-supply-units/inductotherm@inductotherm.co.kr,/blog/products/vip-i-plus-power-supply-units/
/blog/products/vip-i-power-supply-units-2/inductotherm@inductotherm.co.kr,/blog/products/vip-i-power-supply-units-2/
/blog/products/vip-multi-switch-power-supply-units/inductotherm@inductotherm.co.kr,/blog/products/vip-multi-switch-power-supply-units/
/blog/products/vip-power-supply-units-2/inductotherm@inductotherm.co.kr,/blog/products/vip-power-supply-units-2/
/blog/products/vsm-95-modular-heat-treating-system/inductotherm@inductotherm.co.kr,/blog/products/vsm-95-modular-heat-treating-system/
/blog/products/vsm95-modular-heat-scanning-system/inductotherm@inductotherm.co.kr,/blog/products/vsm95-modular-heat-scanning-system/
/blog/products/water-systems-with-closed-circuit-industrial-coolers-2/inductotherm@inductotherm.co.kr,/blog/products/water-systems-with-closed-circuit-industrial-coolers-2/
/blog/products/water-systems-with-closed-circuit-industrial-coolers/inductotherm@inductotherm.co.kr,/blog/products/water-systems-with-closed-circuit-industrial-coolers/
/blog/products/water-systems-with-dry-air-coolers-2/inductotherm@inductotherm.co.kr,/blog/products/water-systems-with-dry-air-coolers-2/
/blog/products/water-systems-with-dry-air-coolers/inductotherm@inductotherm.co.kr,/blog/products/water-systems-with-dry-air-coolers/
/blog/products/weld-annealing-systems-2/inductotherm@inductotherm.co.kr,/blog/products/weld-annealing-systems-2/
/blog/products/zero-friction-aluminium-induction-billet-heaters-2/inductotherm@inductotherm.co.kr,/blog/products/zero-friction-aluminium-induction-billet-heaters-2/
/blog/products/zero-friction-aluminium-induction-billet-heaters/inductotherm@inductotherm.co.kr,/blog/products/zero-friction-aluminium-induction-billet-heaters/
/company-information/inductotherm@inductotherm.co.kr,/company-information/
/company-informationfeed/?lang=en,/company-information/
/contact/inductotherm@inductotherm.co.kr,/contact/
/contactfeed/?lang=en,/
/customer/c_02.html,/
/customer/c_03.html,/
/customer/c_05.html,/
/data/d_02.html,/
/default.asp?mnuidx=16,/
/default.asp?mnuidx=25,/
/default.asp?mnuidx=30,/
/default.asp?mnuidx=6,/
/default.asp?mnuidx=7,/
/default.asp?mnuidx=9,/
/front-pagefeed/?lang=en,/
/func/dn.asp?gno=4&fidx=1,/
/func/dn.asp?gno=9&fidx=4,/
/index.html,/
/inductotherm@inductotherm.co.kr,/
/p_09_1.html,/
/p_09.html,/
/privacy-policyfeed/?lang=en,/%EA%B0%9C%EC%9D%B8%EC%A0%95%EB%B3%B4%EB%B3%B4%ED%98%B8%EC%A0%95%EC%B1%85/
/processes/inductotherm@inductotherm.co.kr,/processes/
/processesfeed/?lang=en,/
/product/p_01.html,/products?lang=ko
/product/p_15.html,/products?lang=ko
/product/p_h_4.html,/products?lang=ko
/product/p_w_01.html,/products?lang=ko
/products/inductotherm@inductotherm.co.kr,/products/
/productsfeed/?lang=en,/products?lang=ko
/promotional-videofeed/?lang=en,/
/request-a-quote/inductotherm@inductotherm.co.kr,/request-a-quote/
/request-a-quotefeed/?lang=en,/resources/
/resourcesfeed/?lang=en,/
/services/inductotherm@inductotherm.co.kr,/services/
/servicesfeed/?lang=en,/services/
/sitemap/s_02.html,/
/sitemap/s_03.html,/
/user-accepted-web-site-terms-of-usefeed/?lang=en,/
/what-is-induction/inductotherm@inductotherm.co.kr,/what-is-induction/
/what-is-inductionfeed/?lang=en,/what-is-induction/
