/accesorios.htm,/products/
/arenas_y_moldeo_en_verde.htm,/products/
/armarios_de_potencia_vip.htm,/products/
/avisolegal.htm,/adviso-legal/
/blog/products/calentadores-de-barras/,/
/blog/products/calentadores-de-final-de-barras/,/
/blog/products/malheria-caja-fria-y-caja-caliente/,/
/blog/products/mesas-de-compactacion/,/
/calentamiento_por_induccion.htm,/products/
/calidad.htm,/
/ceramicas_de_conduccion.htm,/products/
/descargas/HornosdeFusionporinduccionVIP.pdf,/
/enlaces.htm,/
/escoriante.htm,/products/
/ferro_aleaciones.htm,/products/
/grafito.htm,/products/
/horno_de_vacio.htm,/products/
/hornos_fusion_por_induccion.htm,/blog/product_categories/vacuum-induction-melting-furnaces-vim
/hornos_small_steel_shell.htm,/products/
/hornos_steel_shell.htm,/products/
/index.htm,/
/localizacion.htm,/
/macheria.htm,/products/
/mesas_de_compactacion.htm,/products/
/mezcladoras_ondarmix.htm,/products/
/noticias.htm,/
/portada.htm,/
/productos.htm,/products/
/recuperacion_mecanica_de_arenas.htm,/products/
/recuperacion_termica.htm,/products/
/refractarios.htm,/products/
/robot_de_rebarbado.htm,/products/
/servicio_instalacion.htm,/services/
/servicio_mantenimiento.htm,/services/
/servicio_reparacion.htm,/services/
/sitemap.htm,/
/termopares.htm,/products/
/transporte_neumatico.htm,/products/
