/brochures/pvt_furnaces_flyer.pdf,/resources/
/brochures/vab2.pdf,/resources/
/brochures/vabvd.pdf,/resources/
/brochures/vht.pdf,/resources/
/docs/51-52-25-108.pdf,/resources/
/docs/AutoTuning%20your%20PVT%20furnace.pdf,/resources/
/docs/CC-10.pdf,/resources/
/docs/CC-10um.pdf,/resources/
/docs/Control%20Concepts%201022%20SCR.pdf,/resources/
/docs/Control%20Concepts%20SCR%20Calibration.pdf,/resources/
/docs/Gas%20Operation.pdf,/resources/
/docs/HC900%20Interactive%20Demo.pdf,/resources/
/docs/HC900%20Interactive%20Demo%20old.pdf,/resources/
/docs/HC900UtilitiesVersion4_101.zip,/resources/
/docs/Honeywell%20HC900%20Controller%20Installation%20and%20User%20Guide.pdf,/resources/
/docs/Honeywell%20HC900%20Operator%20Interface.pdf,/resources/
/docs/Honeywell%20Progeny%20SDA.pdf,/resources/
/docs/Honeywell%20UDC%202000.pdf,/resources/
/docs/Honeywell%20UDC%202300.pdf,/resources/
/docs/Honeywell%20UDC%202500.pdf,/resources/
/docs/Honeywell%20UDC%203000.pdf,/resources/
/docs/Kinney%20KMBD.pdf,/resources/
/docs/Kinney%20KT.pdf,/resources/
/docs/MKS722.pdf,/resources/
/docs/MM200.pdf,/resources/
/docs/MP2AR.pdf,/resources/
/docs/OM-VBR.pdf,/resources/
/docs/OM-VIM.pdf,/resources/
/docs/RV8.pdf,/resources/
/docs/TexMate%20BX-B31%20Bargraph.pdf,/resources/
/docs/Varian%20DS202.pdf,/resources/
/docs/Varian%20HS-16-20-32-35.pdf,/resources/
/docs/Varian%20HS-20.pdf,/resources/
/docs/Varian%20HS-32.pdf,/resources/
/docs/Varian%20VHS-10-400.pdf,/resources/
/docs/VBR%20Worksheet.pdf,/resources/
/images/pvtsemdocfinal.pdf,/
/index.html,/
/pages/careers.html,/
/pages/contact.html,/contact/
/pages/deoiling.html,/blog/product_categories/vacuum-deoiling-furnaces-vd/
/pages/info_request.html,/contact/
/pages/literature.html,/resources/
/pages/location.html,/contact/
/pages/news.html,/blog/events
/pages/offices.html,/contact/
/pages/products.html,/products
/pages/profile.html,/company-information/
/pages/sitemap.html,/
/pages/vab.html,/blog/product_categories/vacuum-aluminum-brazing-furnaces-vab/
/pages/vbht.html,/blog/product_categories/vacuum-heat-treatment-systems-vht-and-brazing-furnaces/
/pages/vim.html,/blog/product_categories/vacuum-induction-melting-furnaces-vim/
/pages/vpic.html,/products
/pages2-10/page02.htm,/
