/alpha_flying_shears.htm,/blog/product_categories/flying-saws/
/blog/events/fabtech-chicago-2015/info@thermatool.com,/blog/events/fabtech-chicago-2015/
/blog/product_categories/alpha-sensors-and-controls/info@thermatool.com,/blog/product_categories/alpha-sensors-and-controls/
/blog/product_categories/sensors-and-controls/info@thermatool.com,/blog/product_categories/sensors-and-controls/
/blog/products/cs2-170/info@thermatool.com,/blog/products/cs2-170/
/blog/products/info@thermatool.com,/blog/products/
/blog/products/seam-annealers/info@thermatool.com,/blog/products/seam-annealers/
/bright_dull_annealing.htm,/blog/product_categories/tube-heaters-seam-annealers/
/certified.htm,/
/cold_friction_saws.htm,/blog/product_categories/alpha/
/department_contacts.htm,/company-information/
/dual_contact.htm,/products
/employment.htm,/company-information/
/full_body.htm,/products
/haz_control.htm,/blog/products/haz-control-technology-welders/
/homepage.html,/
/index.htm,/
/information/papers/welding,/
/information/papers/welding/CONTROLLING-THE-HEAT-AFFECTED-ZONE-(HAZ)-IN-HF-PIPE-TUBE-WELDING.pdf,/blog/products/haz-control-technology-welders/
/management_contacts.htm,/company-information/
/other_locations.htm,/company-information/
/quench_temper_lines.htm,/blog/products/quench-and-temper/
/resources/info@thermatool.com,/resources/
/sales_agents.htm,/company-information/
/seam_annealers.htm,/blog/products/seam-annealers/
/services/thermatool-labs/info@thermatool.com,/services/thermatool-labs/
/solid_state_welders.htm,/blog/products/compact/
/thermaview.htm,/blog/products/thermaview/
/vacuum_tube_welders.htm,/blog/product_categories/high-frequency-welders/
/weldscan.htm,/blog/products/seamscan/
