http://inductotherm.com/.tr,http://inductotherm.com/
http://inductotherm.com/?page_id=3498,http://inductotherm.com/
http://inductotherm.com/_1,http://inductotherm.com/
http://inductotherm.com/App,http://inductotherm.com/applications/
http://inductotherm.com/AppAlloyManufacturing.htm,http://inductotherm.com/applications/
http://inductotherm.com/AppAluminum.htm,http://inductotherm.com/applications/
http://inductotherm.com/AppCopperandCopperAlloys.htm,http://inductotherm.com/applications/
http://inductotherm.com/AppHighTemp.htm,http://inductotherm.com/applications/
http://inductotherm.com/AppInductionHeating.htm,http://inductotherm.com/applications/
http://inductotherm.com/AppInvestmentCasting.htm,http://inductotherm.com/applications/
http://inductotherm.com/AppIron.htm,http://inductotherm.com/applications/
http://inductotherm.com/Applications.htm,http://inductotherm.com/applications/
http://inductotherm.com/AppPreciousMetals.htm,http://inductotherm.com/applications/
http://inductotherm.com/AppRareEarth.htm,http://inductotherm.com/applications/
http://inductotherm.com/AppSilicon.htm,http://inductotherm.com/applications/
http://inductotherm.com/AppSteelandStainlessSteel.htm,http://inductotherm.com/applications/
http://inductotherm.com/AppVacuum.htm,http://inductotherm.com/applications/
http://inductotherm.com/AppZinc.htm,http://inductotherm.com/applications/
http://inductotherm.com/arabian/index.html,http://inductotherm.com/
http://inductotherm.com/Articles.htm,http://inductotherm.com/resources/articles/
http://inductotherm.com/ArticlesFoundryAutomation.htm,http://inductotherm.com/resources/articles/foundry-automation/
http://inductotherm.com/ArticlesIndMelting.htm,http://inductotherm.com/resources/articles/induction-technologies/
http://inductotherm.com/ArticlesIndPowSupply.htm,http://inductotherm.com/resources/articles/power-and-energy-efficiencies/
http://inductotherm.com/ArticlesOtherTechnologies.htm,http://inductotherm.com/resources/articles/
http://inductotherm.com/ArticlesSteelMakingTechnology.htm,http://inductotherm.com/resources/articles/
http://inductotherm.com/blog/products/heavy-steel-shell-furnaces-2/,http://inductotherm.com/blog/products/heavy-steel-shell-furnaces/
http://inductotherm.com/Careers.htm,http://inductotherm.com/careers/
http://inductotherm.com/careers/assembly-mechanic/,http://inductotherm.com/careers/
http://inductotherm.com/careers/assembly-mechanic/feed/,http://inductotherm.com/careers/
http://inductotherm.com/careers/buyer/,http://inductotherm.com/careers/
http://inductotherm.com/careers/buyer/feed/,http://inductotherm.com/careers/
http://inductotherm.com/careers/computer-operator/,http://inductotherm.com/careers/
http://inductotherm.com/careers/computer-operator/feed/,http://inductotherm.com/careers/
http://inductotherm.com/careers/development-electronics-engineer/,http://inductotherm.com/careers/
http://inductotherm.com/careers/development-electronics-engineer/feed/,http://inductotherm.com/careers/
http://inductotherm.com/careers/operations-admin-assistant/,http://inductotherm.com/careers/
http://inductotherm.com/careers/operations-admin-assistant/feed/,http://inductotherm.com/careers/
http://inductotherm.com/careers/sales-order-analyst/,http://inductotherm.com/careers/
http://inductotherm.com/careers/technology-clerical-support/,http://inductotherm.com/careers/
http://inductotherm.com/careers/technology-clerical-support/feed/,http://inductotherm.com/careers/
http://inductotherm.com/CareersAutomationControlsEngineer.html,http://inductotherm.com/careers/
http://inductotherm.com/CareersBuyer.htm,http://inductotherm.com/careers/
http://inductotherm.com/CareersDevelopmentElectronicsEngineer.html,http://inductotherm.com/careers/
http://inductotherm.com/CareersElectricalEngineer.html,http://inductotherm.com/careers/
http://inductotherm.com/CareersElectromagenticsSpecialist.htm,http://inductotherm.com/careers/
http://inductotherm.com/CareersElectromagneticsSpecialist.htm,http://inductotherm.com/careers/
http://inductotherm.com/CareersElecWiringMechanic.htm,http://inductotherm.com/careers/
http://inductotherm.com/CareersFieldServiceEngineer.htm,http://inductotherm.com/careers/
http://inductotherm.com/CareersIndustrialAssemblyMechanic.htm,http://inductotherm.com/careers/
http://inductotherm.com/CareersIndustrialMagCompMechanic.htm,http://inductotherm.com/careers/
http://inductotherm.com/CareersIndustrialMechanic.htm,http://inductotherm.com/careers/
http://inductotherm.com/CareersIndustrialMechanicCoil.htm,http://inductotherm.com/careers/
http://inductotherm.com/CareersIndustrialMechanicFabricator.htm,http://inductotherm.com/careers/
http://inductotherm.com/CareersIndustrialMechanics.htm,http://inductotherm.com/careers/
http://inductotherm.com/CareersIndustrialMechanicWelder.htm,http://inductotherm.com/careers/
http://inductotherm.com/CareersIndustrialTestLabTechnician.htm,http://inductotherm.com/careers/
http://inductotherm.com/CareersIndustrialTestTechnician.htm,http://inductotherm.com/careers/
http://inductotherm.com/CareersMaintenanceMechanic.htm,http://inductotherm.com/careers/
http://inductotherm.com/CareersManufacturingEngineer.htm,http://inductotherm.com/careers/
http://inductotherm.com/CareersMechanicalEngineer.htm,http://inductotherm.com/careers/
http://inductotherm.com/CareersPowderCoatingInsulator.htm,http://inductotherm.com/careers/
http://inductotherm.com/CareersProjectEngineerManager.htm,http://inductotherm.com/careers/
http://inductotherm.com/CareersServiceEngineer.htm,http://inductotherm.com/careers/
http://inductotherm.com/CareersSharepoint2013Developer.html,http://inductotherm.com/careers/
http://inductotherm.com/CareersShopOpsAdmAssist.html,http://inductotherm.com/careers/
http://inductotherm.com/CareersTechSalesSpecialist.htm,http://inductotherm.com/careers/
http://inductotherm.com/Commitment.htm,http://inductotherm.com/company-information/pledge/
http://inductotherm.com/ContactUs.htm,http://inductotherm.com/contact-us/
http://inductotherm.com/ContactUsGetDirections.htm,http://inductotherm.com/contact-us/
http://inductotherm.com/ContactUsMHC.htm,http://inductotherm.com/contact-us/
http://inductotherm.com/ContactUsRequestForm.htm,http://inductotherm.com/request-form/
http://inductotherm.com/CustomerSurveyForm.htm,http://inductotherm.com/request-form/
http://inductotherm.com/default.htm,http://inductotherm.com/
http://inductotherm.com/dirPIA.htm,http://inductotherm.com/
http://inductotherm.com/english/index.html,http://inductotherm.com/
http://inductotherm.com/english/sayfa/1_2_c_d2.html,http://inductotherm.com/
http://inductotherm.com/Events.htm,http://inductotherm.com/blog/events
http://inductotherm.com/FAQs.htm,http://inductotherm.com/resources/faqs/
http://inductotherm.com/history/history.htm,http://inductotherm.com/company-information/about-us/
http://inductotherm.com/IGWorldwide.htm,http://inductotherm.com/
http://inductotherm.com/IGWorldwideIndex.htm,http://inductotherm.com/
http://inductotherm.com/IGWorldwideIndex.htm?referer=www.clickfind.com.au,http://inductotherm.com/
http://inductotherm.com/IndAeronautics.htm,http://inductotherm.com/
http://inductotherm.com/IndAgriculture.htm,http://inductotherm.com/
http://inductotherm.com/IndAutomotive.htm,http://inductotherm.com/
http://inductotherm.com/IndElectrical.htm,http://inductotherm.com/
http://inductotherm.com/index.htm,http://inductotherm.com/
http://inductotherm.com/index.html,http://inductotherm.com/
http://inductotherm.com/IndGovernment.htm,http://inductotherm.com/
http://inductotherm.com/IndMarine.htm,http://inductotherm.com/
http://inductotherm.com/IndMedical.htm,http://inductotherm.com/
http://inductotherm.com/IndPrecious.htm,http://inductotherm.com/
http://inductotherm.com/IndRecreation.htm,http://inductotherm.com/
http://inductotherm.com/IndRecycling.htm,http://inductotherm.com/
http://inductotherm.com/IndRenewable.htm,http://inductotherm.com/
http://inductotherm.com/IndSpecialized.htm,http://inductotherm.com/
http://inductotherm.com/IndStructural.htm,http://inductotherm.com/
http://inductotherm.com/IndUnivLabs.htm,http://inductotherm.com/
http://inductotherm.com/IndustriesAndMarkets.htm,http://inductotherm.com/
http://inductotherm.com/IPSafetyTestKeySP-6.pdf,http://inductotherm.com/
http://inductotherm.com/isil-islem-sistemleri-inductoscan_162.html,http://inductotherm.com/
http://inductotherm.com/isil-islem-sistemleri-statiscan_160.html,http://inductotherm.com/
http://inductotherm.com/isil-islem-sistemleri-uniscan_161.html,http://inductotherm.com/
http://inductotherm.com/key/ASWD56425CSA,http://inductotherm.com/
http://inductotherm.com/LegalNotice.htm,http://inductotherm.com/front-page/legal/
http://inductotherm.com/M2567-1108.pdf,http://inductotherm.com/
http://inductotherm.com/M2573%20Rev%202.pdf,http://inductotherm.com/
http://inductotherm.com/M2575-0107.pdf,http://inductotherm.com/
http://inductotherm.com/M2575-0107.pdfна,http://inductotherm.com/
http://inductotherm.com/mov/AutomaticPouringSection.htm,http://inductotherm.com/blog/product_categories/automated-pouring-systems/
http://inductotherm.com/mov/ChargingSection.htm,http://inductotherm.com/blog/products/charging-systems/
http://inductotherm.com/mov/ElectricalSection.htm,http://inductotherm.com/
http://inductotherm.com/mov/ForewordSection.htm,http://inductotherm.com/
http://inductotherm.com/mov/FurnaceSection.htm,http://inductotherm.com/blog/product_categories/advanced-induction-melting-furnaces/
http://inductotherm.com/mov/InductionMeltingBasicsSection.htm,http://inductotherm.com/blog/product_categories/induction-holding-furnaces/
http://inductotherm.com/mov/PPESection.htm,http://inductotherm.com/
http://inductotherm.com/mov/RefractorySection.htm,http://inductotherm.com/
http://inductotherm.com/mov/SafetySection.htm,http://inductotherm.com/
http://inductotherm.com/muse/index.html,http://inductotherm.com/
http://inductotherm.com/News.htm,http://inductotherm.com/blog/events
http://inductotherm.com/NewsPR1.htm,http://inductotherm.com/blog/events
http://inductotherm.com/NewsPR10.htm,http://inductotherm.com/blog/events
http://inductotherm.com/NewsPR11.htm,http://inductotherm.com/blog/events
http://inductotherm.com/NewsPR12.htm,http://inductotherm.com/blog/events
http://inductotherm.com/NewsPR13.htm,http://inductotherm.com/blog/events
http://inductotherm.com/NewsPR14.htm,http://inductotherm.com/blog/events
http://inductotherm.com/NewsPR15.htm,http://inductotherm.com/blog/events
http://inductotherm.com/NewsPR16.htm,http://inductotherm.com/blog/events
http://inductotherm.com/NewsPR17.htm,http://inductotherm.com/blog/events
http://inductotherm.com/NewsPR18.htm,http://inductotherm.com/blog/events
http://inductotherm.com/NewsPR19.html,http://inductotherm.com/blog/events
http://inductotherm.com/NewsPR2.htm,http://inductotherm.com/blog/events
http://inductotherm.com/NewsPR20.html,http://inductotherm.com/blog/events
http://inductotherm.com/NewsPR21.html,http://inductotherm.com/blog/events
http://inductotherm.com/NewsPR22.html,http://inductotherm.com/blog/events
http://inductotherm.com/NewsPR23.html,http://inductotherm.com/blog/events
http://inductotherm.com/NewsPR24.html,http://inductotherm.com/blog/events
http://inductotherm.com/NewsPR25.html,http://inductotherm.com/blog/events
http://inductotherm.com/NewsPR3.htm,http://inductotherm.com/blog/events
http://inductotherm.com/NewsPR4.htm,http://inductotherm.com/blog/events
http://inductotherm.com/NewsPR6.htm,http://inductotherm.com/blog/events
http://inductotherm.com/NewsPR7.htm,http://inductotherm.com/blog/events
http://inductotherm.com/NewsPR8.htm,http://inductotherm.com/blog/events
http://inductotherm.com/NewsPR9.htm,http://inductotherm.com/blog/events
http://inductotherm.com/ProdARMSSystems.htm,http://inductotherm.com/blog/product_categories/automated-robotic-systems/
http://inductotherm.com/ProdAutomatedPouringSystems.htm,http://inductotherm.com/blog/products/arms-systems/
http://inductotherm.com/ProdAutomaticPouringSystems.htm,http://inductotherm.com/blog/product_categories/automated-pouring-systems/
http://inductotherm.com/ProdBarBloomAndBilletHeatingSystems.htm,http://inductotherm.com/blog/product_categories/steel-billet-making-systems/
http://inductotherm.com/ProdBilletMakingSystems.htm,http://inductotherm.com/blog/products/bar-bloom-and-billet-heating-systems/
http://inductotherm.com/ProdCoilsAndSpecialtyCoils.htm,http://inductotherm.com/products
http://inductotherm.com/ProdComputerControlSystems.htm,http://inductotherm.com/products
http://inductotherm.com/ProdFurnOptions.htm,http://inductotherm.com/products
http://inductotherm.com/ProdGalvanizingPots.htm,http://inductotherm.com/blog/product_categories/galvanizing-pots/
http://inductotherm.com/ProdGalvPotsCoating.htm,http://inductotherm.com/blog/products/channel-coating-pots/
http://inductotherm.com/ProdGalvPotsEmergency.htm,http://inductotherm.com/blog/products/coreless-coating-pots/
http://inductotherm.com/ProdGalvPotsPreMelting.htm,http://inductotherm.com/blog/products/pre-melting-pots/
http://inductotherm.com/ProdHoldingSystems.htm,http://inductotherm.com/blog/products/temporary-holding-pots/
http://inductotherm.com/ProdIndFurnChannel.htm,http://inductotherm.com/blog/product_categories/induction-holding-furnaces/
http://inductotherm.com/ProdIndFurnCoreless.htm,http://inductotherm.com/blog/products/coreless-holding-furnaces/
http://inductotherm.com/ProdIndFurnDirectElectric.htm,http://inductotherm.com/blog/products/channel-holding-furnaces/
http://inductotherm.com/ProdIndFurnDirectElectric.htm?REFERRER=AZOMDOTCOM,http://inductotherm.com/products
http://inductotherm.com/ProdIndFurnRemovable.htm,http://inductotherm.com/products
http://inductotherm.com/ProdIndPowerSupplySystems.htm,http://inductotherm.com/blog/product_categories/advanced-induction-power-supply-units/
http://inductotherm.com/ProdInductionFurnaces.htm,http://inductotherm.com/blog/product_categories/induction-holding-furnaces/
http://inductotherm.com/ProdMaterialHandlingSystems.htm,http://inductotherm.com/blog/product_categories/material-handling-systems/
http://inductotherm.com/ProdPowSupOptions.htm,http://inductotherm.com/blog/product_categories/advanced-induction-power-supply-units/
http://inductotherm.com/ProdRollAndRailHardeningSystems.htm,http://inductotherm.com/blog/product_categories/rail-and-mill-roll-hardening-systems/
http://inductotherm.com/prodserv/prod1.htm,http://inductotherm.com/products
http://inductotherm.com/ProdSlabHeatingSystems.htm,http://inductotherm.com/blog/product_categories/slab-bloom-and-transfer-bar-heaters/
http://inductotherm.com/ProdStripHeatingSystems.htm,http://inductotherm.com/blog/product_categories/slab-bloom-and-transfer-bar-heaters/
http://inductotherm.com/ProdTubeAndPipeHeatingSystems.htm,http://inductotherm.com/blog/product_categories/strip-heating-systems/
http://inductotherm.com/Products.htm,http://inductotherm.com/products
http://inductotherm.com/ProdVacAndContAtmoSystems.htm,http://inductotherm.com/blog/product_categories/induction-systems-for-vacuum-and-controlled-atmospheres/
http://inductotherm.com/ProdWaterCoolingSystems.htm,http://inductotherm.com/blog/product_categories/cooling-systems/
http://inductotherm.com/Quality.htm,http://inductotherm.com/
http://inductotherm.com/russian/index.html,http://inductotherm.com/
http://inductotherm.com/russian/sayfa/1_6_a.html,http://inductotherm.com/
http://inductotherm.com/Safety.htm,http://inductotherm.com/resources/safety/
http://inductotherm.com/safety/safety.htm,http://inductotherm.com/resources/safety/
http://inductotherm.com/safety/safety2.htm,http://inductotherm.com/resources/safety/
http://inductotherm.com/safety/safety4.htm,http://inductotherm.com/resources/safety/
http://inductotherm.com/SafetyLongProductsOptions.htm,http://inductotherm.com/resources/safety/
http://inductotherm.com/SafetyLongProductsVideo.htm,http://inductotherm.com/resources/safety/
http://inductotherm.com/SafetyMassHeatingOptions.htm,http://inductotherm.com/resources/safety/
http://inductotherm.com/SafetyMassHeatingOther.htm,http://inductotherm.com/resources/safety/
http://inductotherm.com/SafetyMassHeatingVideo.htm,http://inductotherm.com/resources/safety/
http://inductotherm.com/SafetyMelting.htm,http://inductotherm.com/resources/safety/
http://inductotherm.com/SafetyMeltingOptions.htm,http://inductotherm.com/resources/safety/
http://inductotherm.com/SafetyMeltingSafety.htm,http://inductotherm.com/resources/safety/
http://inductotherm.com/SafetyMeltingTest.htm,http://inductotherm.com/resources/safety/
http://inductotherm.com/SafetyMeltingTestAnswerKey.htm,http://inductotherm.com/resources/safety/
http://inductotherm.com/SafetyMeltingVideo.htm,http://inductotherm.com/resources/safety/
http://inductotherm.com/SafetyOptions.htm,http://inductotherm.com/resources/safety/
http://inductotherm.com/SafetyStop.htm,http://inductotherm.com/resources/safety/
http://inductotherm.com/ServiceAndSupport.htm,http://inductotherm.com/services/global-yet-local-support/
http://inductotherm.com/services/aftermarket-and-oem-parts/,http://inductotherm.com/services/aftermarket-and-service/
http://inductotherm.com/services/service-and-training-teams/,http://inductotherm.com/services/aftermarket-and-service/
http://inductotherm.com/SiteMap.htm,http://inductotherm.com/
http://inductotherm.com/splash/index.html,http://inductotherm.com/
http://inductotherm.com/template2.htm,http://inductotherm.com/
http://inductotherm.com/template3.htm,http://inductotherm.com/
http://inductotherm.com/template4.htm,http://inductotherm.com/
http://inductotherm.com/template5.htm,http://inductotherm.com/
http://inductotherm.com/template6.htm,http://inductotherm.com/
http://inductotherm.com/turkce/anket.php,http://inductotherm.com/
http://inductotherm.com/turkce/flexitune.asp,http://inductotherm.com/
http://inductotherm.com/turkce/haber/Maysan%20Mando.pdf,http://inductotherm.com/
http://inductotherm.com/turkce/haberler.asp?HID=9,http://inductotherm.com/
http://inductotherm.com/turkce/haberler.html,http://inductotherm.com/
http://inductotherm.com/turkce/iletisim.html,http://inductotherm.com/
http://inductotherm.com/turkce/index.html,http://inductotherm.com/
http://inductotherm.com/turkce/insan%20Kaynaklari.html,http://inductotherm.com/
http://inductotherm.com/turkce/linkler.asp,http://inductotherm.com/
http://inductotherm.com/turkce/makaleler.html,http://inductotherm.com/
http://inductotherm.com/turkce/sayfa/1_1_a.html,http://inductotherm.com/
http://inductotherm.com/turkce/sayfa/1_1_b.html,http://inductotherm.com/
http://inductotherm.com/turkce/sayfa/1_1_c.html,http://inductotherm.com/
http://inductotherm.com/turkce/sayfa/1_1_d.html,http://inductotherm.com/
http://inductotherm.com/turkce/sayfa/1_2_b.html,http://inductotherm.com/
http://inductotherm.com/turkce/sayfa/1_2_c.html,http://inductotherm.com/
http://inductotherm.com/turkce/sayfa/1_2_d.html,http://inductotherm.com/
http://inductotherm.com/turkce/sayfa/1_2_e.html,http://inductotherm.com/
http://inductotherm.com/turkce/sayfa/1_2_e_d1.html,http://inductotherm.com/
http://inductotherm.com/turkce/sayfa/1_2_f.html,http://inductotherm.com/
http://inductotherm.com/turkce/sayfa/1_2_g.html,http://inductotherm.com/
http://inductotherm.com/turkce/sayfa/1_3_b.html,http://inductotherm.com/
http://inductotherm.com/turkce/sayfa/1_3_c.html,http://inductotherm.com/
http://inductotherm.com/turkce/sayfa/1_3_d.html,http://inductotherm.com/
http://inductotherm.com/turkce/sayfa/1_3_e.html,http://inductotherm.com/
http://inductotherm.com/turkce/sayfa/1_4_a.html,http://inductotherm.com/
http://inductotherm.com/turkce/sayfa/1_4_b.html,http://inductotherm.com/
http://inductotherm.com/turkce/sayfa/1_4_c.html,http://inductotherm.com/
http://inductotherm.com/turkce/sayfa/1_5.html,http://inductotherm.com/
http://inductotherm.com/turkce/sayfa/1_6_a.html,http://inductotherm.com/
http://inductotherm.com/turkce/sayfa/1_6_b.html,http://inductotherm.com/
http://inductotherm.com/turkce/sayfa/1_6_c.html,http://inductotherm.com/
http://inductotherm.com/turkce/sayfa/1_6_d.html,http://inductotherm.com/
http://inductotherm.com/turkce/sayfa/1_6_e.html,http://inductotherm.com/
http://inductotherm.com/turkce/sayfa/1_7.html,http://inductotherm.com/
http://inductotherm.com/turkce/sayfa/1_8.html,http://inductotherm.com/
http://inductotherm.com/turkce/sayfa/2.html,http://inductotherm.com/
http://inductotherm.com/turkce/sayfa/3.html,http://inductotherm.com/
http://inductotherm.com/turkce/sayfa/4.html,http://inductotherm.com/
http://inductotherm.com/turkce/sayfa/5.html,http://inductotherm.com/
http://inductotherm.com/turkce/sayfa/Bizimle%20Calısmak%20Istermisiniz.html,http://inductotherm.com/
http://inductotherm.com/turkce/sayfa/Bizimle%20Calýsmak%20Istermisiniz.html,http://inductotherm.com/
http://inductotherm.com/turkce/sayfa/isguvenligi.html,http://inductotherm.com/
http://inductotherm.com/turkce/sayfa/kalite.html,http://inductotherm.com/
http://inductotherm.com/turkce/sayfa/turkce/sayfa/Bizimle%20Calısmak%20Istermisiniz.html,http://inductotherm.com/
http://inductotherm.com/worldwide/wwintro.htm,http://inductotherm.com/
http://inductotherm.com/www.inductotherm.be,http://inductotherm.com/
http://inductotherm.com/www.inductotherm.com,http://inductotherm.com/
http://inductotherm.com/xmlrpc.php,http://inductotherm.com/
http://inductotherm.icandycreative.net/wire-processing-equipment-c-298.php,http://inductotherm.com/
http://www.inductotherm.com/%20,http://inductotherm.com/
http://www.inductotherm.com/aboutus/aboutus.htm,http://inductotherm.com/company-information/about-us/
http://www.inductotherm.com/App,http://inductotherm.com/applications/
http://www.inductotherm.com/AppAlloyManufacturing.htm,http://inductotherm.com/applications/
http://www.inductotherm.com/AppAluminum.htm,http://inductotherm.com/applications/
http://www.inductotherm.com/AppCopperandCopperAlloys.htm,http://inductotherm.com/applications/
http://www.inductotherm.com/AppHighTemp.htm,http://inductotherm.com/applications/
http://www.inductotherm.com/AppInductionHeating.htm,http://inductotherm.com/applications/
http://www.inductotherm.com/AppInvestmentCasting.htm,http://inductotherm.com/applications/
http://www.inductotherm.com/AppIron.htm,http://inductotherm.com/applications/
http://www.inductotherm.com/Applications.htm,http://inductotherm.com/applications/
http://www.inductotherm.com/AppPreciousMetals.htm,http://inductotherm.com/applications/
http://www.inductotherm.com/AppRareEarth.htm,http://inductotherm.com/applications/
http://www.inductotherm.com/AppSilicon.htm,http://inductotherm.com/applications/
http://www.inductotherm.com/AppSteelandStainlessSteel.htm,http://inductotherm.com/applications/
http://www.inductotherm.com/AppVacuum.htm,http://inductotherm.com/applications/
http://www.inductotherm.com/AppZinc.htm,http://inductotherm.com/applications/
http://www.inductotherm.com/Articles.htm,http://inductotherm.com/resources/articles/
http://www.inductotherm.com/articles/art10.htm,http://inductotherm.com/resources/articles/
http://www.inductotherm.com/articles/art11.htm,http://inductotherm.com/resources/articles/
http://www.inductotherm.com/articles/art12.htm,http://inductotherm.com/resources/articles/
http://www.inductotherm.com/articles/art13.htm,http://inductotherm.com/resources/articles/
http://www.inductotherm.com/articles/art14.htm,http://inductotherm.com/resources/articles/
http://www.inductotherm.com/articles/art15.htm,http://inductotherm.com/resources/articles/
http://www.inductotherm.com/articles/art16.htm,http://inductotherm.com/resources/articles/
http://www.inductotherm.com/articles/art17.htm,http://inductotherm.com/resources/articles/
http://www.inductotherm.com/articles/art18.htm,http://inductotherm.com/resources/articles/
http://www.inductotherm.com/articles/art19.htm,http://inductotherm.com/resources/articles/
http://www.inductotherm.com/articles/art20.htm,http://inductotherm.com/resources/articles/
http://www.inductotherm.com/articles/art5.htm,http://inductotherm.com/resources/articles/
http://www.inductotherm.com/articles/art9.htm,http://inductotherm.com/resources/articles/
http://www.inductotherm.com/articles/artpapers.htm,http://inductotherm.com/resources/articles/
http://www.inductotherm.com/ArticlesFoundryAutomation.htm,http://inductotherm.com/resources/articles/
http://www.inductotherm.com/ArticlesIndMelting.htm,http://inductotherm.com/resources/articles/
http://www.inductotherm.com/ArticlesIndPowSupply.htm,http://inductotherm.com/resources/articles/
http://www.inductotherm.com/ArticlesOtherTechnologies.htm,http://inductotherm.com/resources/articles/
http://www.inductotherm.com/ArticlesSteelMakingTechnology.htm,http://inductotherm.com/resources/articles/
http://www.inductotherm.com/blog/product_categories/galvanizing-pots/,http://inductotherm.com/blog/product_categories/galvanizing-pots/
http://www.inductotherm.com/blog/products/arms-systems/,http://inductotherm.com/blog/product_categories/galvanizing-pots/
http://www.inductotherm.com/blog/products/bar-bloom-and-billet-heating-systems/,http://inductotherm.com/blog/products/arms-systems/
http://www.inductotherm.com/blog/products/channel-holding-furnaces/,http://inductotherm.com/blog/products/channel-holding-furnaces/
http://www.inductotherm.com/blog/products/charging-systems/,http://inductotherm.com/blog/products/charging-systems/
http://www.inductotherm.com/blog/products/galvannealing-systems/,http://inductotherm.com/blog/products/galvannealing-systems/
http://www.inductotherm.com/blog/products/lift-swing-furnaces/,http://inductotherm.com/blog/products/lift-swing-furnaces/
http://www.inductotherm.com/blog/products/mini-melt-furnaces/,http://inductotherm.com/blog/products/melt-manager-control-systems/
http://www.inductotherm.com/blog/products/power-window-ladle-systems/,http://inductotherm.com/blog/products/power-window-ladle-systems/
http://www.inductotherm.com/blog/products/small-steel-shell-furnaces/,http://inductotherm.com/blog/products/small-steel-shell-furnaces/
http://www.inductotherm.com/blog/products/vacuum-induction-melting-systems/,http://inductotherm.com/blog/products/vacuum-induction-melting-systems/
http://www.inductotherm.com/blog/products/weld-annealing-systems/,http://inductotherm.com/blog/products/weld-annealing-systems/
http://www.inductotherm.com/Careers.htm,http://inductotherm.com/careers/
http://www.inductotherm.com/CareersAdvertisingIntern.html,http://inductotherm.com/careers/
http://www.inductotherm.com/CareersAutomationControlsEngineer.html,http://inductotherm.com/careers/
http://www.inductotherm.com/CareersAutomationEngineer.htm,http://inductotherm.com/careers/
http://www.inductotherm.com/CareersBuyer.htm,http://inductotherm.com/careers/
http://www.inductotherm.com/CareersDevelopmentElectronicsEngineer.html,http://inductotherm.com/careers/
http://www.inductotherm.com/CareersElectricalAutomationDesignEngineer.html,http://inductotherm.com/careers/
http://www.inductotherm.com/CareersElectricalEngineer.html,http://inductotherm.com/careers/
http://www.inductotherm.com/CareersElectromagenticsSpecialist.htm,http://inductotherm.com/careers/
http://www.inductotherm.com/CareersElectromagneticsSpecialist.htm,http://inductotherm.com/careers/
http://www.inductotherm.com/CareersElecWiringMechanic.htm,http://inductotherm.com/careers/
http://www.inductotherm.com/CareersFieldServiceEngineer.htm,http://inductotherm.com/careers/
http://www.inductotherm.com/CareersIndustrialAssemblyMechanic.htm,http://inductotherm.com/careers/
http://www.inductotherm.com/CareersIndustrialMagCompMechanic.htm,http://inductotherm.com/careers/
http://www.inductotherm.com/CareersIndustrialMechanic.htm,http://inductotherm.com/careers/
http://www.inductotherm.com/CareersIndustrialMechanicCoil.htm,http://inductotherm.com/careers/
http://www.inductotherm.com/CareersIndustrialMechanicFabricator.htm,http://inductotherm.com/careers/
http://www.inductotherm.com/CareersIndustrialMechanics.htm,http://inductotherm.com/careers/
http://www.inductotherm.com/CareersIndustrialMechanicWelder.htm,http://inductotherm.com/careers/
http://www.inductotherm.com/CareersIndustrialSeniorBuyerProcurementAgent.html,http://inductotherm.com/careers/
http://www.inductotherm.com/CareersIndustrialTestLabTechnician.htm,http://inductotherm.com/careers/
http://www.inductotherm.com/CareersIndustrialTestTechnician.htm,http://inductotherm.com/careers/
http://www.inductotherm.com/CareersMaintenanceMechanic.htm,http://inductotherm.com/careers/
http://www.inductotherm.com/CareersManufacturingEngineer.htm,http://inductotherm.com/careers/
http://www.inductotherm.com/CareersMechanicalDrafterDesigner.htm,http://inductotherm.com/careers/
http://www.inductotherm.com/CareersMechanicalEngineer.htm,http://inductotherm.com/careers/
http://www.inductotherm.com/CareersPowderCoatingInsulator.htm,http://inductotherm.com/careers/
http://www.inductotherm.com/CareersProjectEngineerManager.htm,http://inductotherm.com/careers/
http://www.inductotherm.com/CareersServiceEngineer.htm,http://inductotherm.com/careers/
http://www.inductotherm.com/CareersSharepoint2013Developer.html,http://inductotherm.com/careers/
http://www.inductotherm.com/CareersShopOpsAdmAssist.html,http://inductotherm.com/careers/
http://www.inductotherm.com/CareersTechSalesSpecialist.htm,http://inductotherm.com/careers/
http://www.inductotherm.com/comments/comments.htm,http://inductotherm.com/
http://www.inductotherm.com/Commitment.htm,http://inductotherm.com/
http://www.inductotherm.com/contactus.htm,http://inductotherm.com/contact-us/
http://www.inductotherm.com/ContactUs.htm,http://inductotherm.com/contact-us/
http://www.inductotherm.com/contactus/contact.htm,http://inductotherm.com/contact-us/
http://www.inductotherm.com/contactus/directions.htm,http://inductotherm.com/contact-us/get-directions/
http://www.inductotherm.com/ContactUsGetDirections.htm,http://inductotherm.com/contact-us/get-directions/
http://www.inductotherm.com/ContactUsMHC.htm,http://inductotherm.com/contact-us/
http://www.inductotherm.com/ContactUsRequestForm.htm,http://inductotherm.com/request-form/
http://www.inductotherm.com/CustomerSurveyForm.htm,http://inductotherm.com/
http://www.inductotherm.com/default.htm,http://inductotherm.com/
http://www.inductotherm.com/dirPIA.htm,http://inductotherm.com/
http://www.inductotherm.com/Events.htm,http://inductotherm.com/
http://www.inductotherm.com/FAQs.htm,http://inductotherm.com/
http://www.inductotherm.com/IGWorldwide.htm,http://inductotherm.com/
http://www.inductotherm.com/IGWorldwideIndex.htm,http://inductotherm.com/
http://www.inductotherm.com/IGWorldwideIndex.htm?referer=www.clickfind.com.au,http://inductotherm.com/
http://www.inductotherm.com/IndAeronautics.htm,http://inductotherm.com/
http://www.inductotherm.com/IndAgriculture.htm,http://inductotherm.com/
http://www.inductotherm.com/IndAutomotive.htm,http://inductotherm.com/
http://www.inductotherm.com/IndElectrical.htm,http://inductotherm.com/
http://www.inductotherm.com/index.htm,http://inductotherm.com/
http://www.inductotherm.com/IndGovernment.htm,http://inductotherm.com/
http://www.inductotherm.com/IndMarine.htm,http://inductotherm.com/
http://www.inductotherm.com/IndMedical.htm,http://inductotherm.com/
http://www.inductotherm.com/IndPrecious.htm,http://inductotherm.com/
http://www.inductotherm.com/IndRecreation.htm,http://inductotherm.com/
http://www.inductotherm.com/IndRecycling.htm,http://inductotherm.com/
http://www.inductotherm.com/IndRenewable.htm,http://inductotherm.com/
http://www.inductotherm.com/IndSpecialized.htm,http://inductotherm.com/
http://www.inductotherm.com/IndStructural.htm,http://inductotherm.com/
http://www.inductotherm.com/IndUnivLabs.htm,http://inductotherm.com/
http://www.inductotherm.com/IndustriesAndMarkets.htm,http://inductotherm.com/
http://www.inductotherm.com/iso/iso.htm,http://inductotherm.com/
http://www.inductotherm.com/jobs/DM_5206.htm,http://inductotherm.com/
http://www.inductotherm.com/jobs/EAA_41806.htm,http://inductotherm.com/
http://www.inductotherm.com/jobs/F_41806.htm,http://inductotherm.com/
http://www.inductotherm.com/jobs/ITM_5206.htm,http://inductotherm.com/
http://www.inductotherm.com/jobs/JB_30306.htm,http://inductotherm.com/
http://www.inductotherm.com/jobs/jobs.htm,http://inductotherm.com/
http://www.inductotherm.com/jobs/SE_20706.htm,http://inductotherm.com/
http://www.inductotherm.com/jobs/TT_5206.htm,http://inductotherm.com/
http://www.inductotherm.com/legal.htm,http://inductotherm.com/front-page/legal/
http://www.inductotherm.com/LegalNotice.htm,http://inductotherm.com/front-page/legal/
http://www.inductotherm.com/M2567-1108.pdf,http://inductotherm.com/
http://www.inductotherm.com/M2575-0107.pdf,http://inductotherm.com/
http://www.inductotherm.com/M2575-0107.pdfна,http://inductotherm.com/
http://www.inductotherm.com/mov/AutomaticPouringSection.htm,http://inductotherm.com/blog/product_categories/automated-pouring-systems/
http://www.inductotherm.com/mov/ChargingSection.htm,http://inductotherm.com/blog/products/charging-systems/
http://www.inductotherm.com/mov/ElectricalSection.htm,http://inductotherm.com/
http://www.inductotherm.com/mov/ForewordSection.htm,http://inductotherm.com/
http://www.inductotherm.com/mov/FurnaceSection.htm,http://inductotherm.com/
http://www.inductotherm.com/mov/InductionMeltingBasicsSection.htm,http://inductotherm.com/
http://www.inductotherm.com/mov/PPESection.htm,http://inductotherm.com/
http://www.inductotherm.com/mov/RefractorySection.htm,http://inductotherm.com/
http://www.inductotherm.com/mov/SafetySection.htm,http://inductotherm.com/resources/faqs/safety-and-training/
http://www.inductotherm.com/muse/index.html,http://inductotherm.com/
http://www.inductotherm.com/News.htm,http://inductotherm.com/blog/events
http://www.inductotherm.com/NewsPR1.htm,http://inductotherm.com/blog/events
http://www.inductotherm.com/NewsPR10.htm,http://inductotherm.com/blog/events
http://www.inductotherm.com/NewsPR11.htm,http://inductotherm.com/blog/events
http://www.inductotherm.com/NewsPR12.htm,http://inductotherm.com/blog/events
http://www.inductotherm.com/NewsPR13.htm,http://inductotherm.com/blog/events
http://www.inductotherm.com/NewsPR14.htm,http://inductotherm.com/blog/events
http://www.inductotherm.com/NewsPR15.htm,http://inductotherm.com/blog/events
http://www.inductotherm.com/NewsPR16.htm,http://inductotherm.com/blog/events
http://www.inductotherm.com/NewsPR17.htm,http://inductotherm.com/blog/events
http://www.inductotherm.com/NewsPR18.htm,http://inductotherm.com/blog/events
http://www.inductotherm.com/NewsPR19.html,http://inductotherm.com/blog/events
http://www.inductotherm.com/NewsPR2.htm,http://inductotherm.com/blog/events
http://www.inductotherm.com/NewsPR20.html,http://inductotherm.com/blog/events
http://www.inductotherm.com/NewsPR21.html,http://inductotherm.com/blog/events
http://www.inductotherm.com/NewsPR22.html,http://inductotherm.com/blog/events
http://www.inductotherm.com/NewsPR23.html,http://inductotherm.com/blog/events
http://www.inductotherm.com/NewsPR24.html,http://inductotherm.com/blog/events
http://www.inductotherm.com/NewsPR25.html,http://inductotherm.com/blog/events
http://www.inductotherm.com/NewsPR3.htm,http://inductotherm.com/blog/events
http://www.inductotherm.com/NewsPR4.htm,http://inductotherm.com/blog/events
http://www.inductotherm.com/NewsPR6.htm,http://inductotherm.com/blog/events
http://www.inductotherm.com/NewsPR7.htm,http://inductotherm.com/blog/events
http://www.inductotherm.com/NewsPR8.htm,http://inductotherm.com/blog/events
http://www.inductotherm.com/NewsPR9.htm,http://inductotherm.com/blog/events
http://www.inductotherm.com/ProdARMSSystems.htm,http://inductotherm.com/blog/products/arms-systems/
http://www.inductotherm.com/ProdAutomatedPouringSystems.htm,http://inductotherm.com/blog/product_categories/automated-pouring-systems/
http://www.inductotherm.com/ProdAutomaticPouringSystems.htm,http://inductotherm.com/blog/product_categories/automated-pouring-systems/
http://www.inductotherm.com/ProdBarBloomAndBilletHeatingSystems.htm,http://inductotherm.com/blog/products/bar-bloom-and-billet-heating-systems/
http://www.inductotherm.com/ProdBilletMakingSystems.htm,http://inductotherm.com/blog/product_categories/steel-billet-making-systems/
http://www.inductotherm.com/ProdCoilsAndSpecialtyCoils.htm,http://inductotherm.com/products
http://www.inductotherm.com/ProdComputerControlSystems.htm,http://inductotherm.com/products
http://www.inductotherm.com/ProdFurnOptions.htm,http://inductotherm.com/products
http://www.inductotherm.com/ProdGalvanizingPots.htm,http://inductotherm.com/blog/product_categories/galvanizing-pots/
http://www.inductotherm.com/ProdGalvPotsCoating.htm,http://inductotherm.com/blog/product_categories/galvanizing-pots/
http://www.inductotherm.com/ProdGalvPotsEmergency.htm,http://inductotherm.com/blog/product_categories/galvanizing-pots/
http://www.inductotherm.com/ProdGalvPotsPreMelting.htm,http://inductotherm.com/blog/product_categories/galvanizing-pots/
http://www.inductotherm.com/ProdHoldingSystems.htm,http://inductotherm.com/blog/product_categories/induction-holding-furnaces/
http://www.inductotherm.com/ProdIndFurnChannel.htm,http://inductotherm.com/blog/products/channel-holding-furnaces/
http://www.inductotherm.com/ProdIndFurnCoreless.htm,http://inductotherm.com/blog/products/coreless-coating-pots/
http://www.inductotherm.com/ProdIndFurnDirectElectric.htm,http://inductotherm.com/blog/products/argon-purging-systems-aps/
http://www.inductotherm.com/ProdIndFurnDirectElectric.htm?REFERRER=AZOMDOTCOM,http://inductotherm.com/blog/products/argon-purging-systems-aps/
http://www.inductotherm.com/ProdIndFurnRemovable.htm,http://inductotherm.com/products
http://www.inductotherm.com/ProdIndPowerSupplySystems.htm,http://inductotherm.com/blog/product_categories/advanced-induction-power-supply-units/
http://www.inductotherm.com/ProdInductionFurnaces.htm,http://inductotherm.com/blog/product_categories/advanced-induction-power-supply-units/
http://www.inductotherm.com/ProdMaterialHandlingSystems.htm,http://inductotherm.com/blog/product_categories/material-handling-systems/
http://www.inductotherm.com/ProdPowSupOptions.htm,http://inductotherm.com/blog/product_categories/advanced-induction-power-supply-units/
http://www.inductotherm.com/ProdRollAndRailHardeningSystems.htm,http://inductotherm.com/blog/product_categories/rail-and-mill-roll-hardening-systems/
http://www.inductotherm.com/prodserv/alumin/index.htm,http://inductotherm.com/products
http://www.inductotherm.com/prodserv/prod1.htm,http://inductotherm.com/products
http://www.inductotherm.com/prodserv/prod11.htm,http://inductotherm.com/products
http://www.inductotherm.com/prodserv/prod12.htm,http://inductotherm.com/products
http://www.inductotherm.com/prodserv/prod13.htm,http://inductotherm.com/products
http://www.inductotherm.com/prodserv/prod14.htm,http://inductotherm.com/products
http://www.inductotherm.com/prodserv/prod2.htm,http://inductotherm.com/products
http://www.inductotherm.com/prodserv/prod3.htm,http://inductotherm.com/products
http://www.inductotherm.com/prodserv/prod4.htm,http://inductotherm.com/products
http://www.inductotherm.com/prodserv/prod5.htm,http://inductotherm.com/products
http://www.inductotherm.com/prodserv/prod8.htm,http://inductotherm.com/products
http://www.inductotherm.com/prodserv/products.htm,http://inductotherm.com/products
http://www.inductotherm.com/ProdSlabHeatingSystems.htm,http://inductotherm.com/blog/products/slab-heating-and-reheating-systems/
http://www.inductotherm.com/ProdStripHeatingSystems.htm,http://inductotherm.com/blog/products/slab-heating-and-reheating-systems/
http://www.inductotherm.com/ProdTubeAndPipeHeatingSystems.htm,http://inductotherm.com/products
http://www.inductotherm.com/products,http://inductotherm.com/products
http://www.inductotherm.com/Products.htm,http://inductotherm.com/products
http://www.inductotherm.com/ProdVacAndContAtmoSystems.htm,http://inductotherm.com/products
http://www.inductotherm.com/ProdWaterCoolingSystems.htm,http://inductotherm.com/blog/product_categories/cooling-systems/
http://www.inductotherm.com/Quality.htm,http://inductotherm.com/
http://www.inductotherm.com/Safety.htm,http://inductotherm.com/resources/safety/
http://www.inductotherm.com/safety/safety.htm,http://inductotherm.com/resources/safety/
http://www.inductotherm.com/safety/safety10.htm,http://inductotherm.com/resources/safety/
http://www.inductotherm.com/safety/safety11.htm,http://inductotherm.com/resources/safety/
http://www.inductotherm.com/safety/safety12.htm,http://inductotherm.com/resources/safety/
http://www.inductotherm.com/safety/safety13.htm,http://inductotherm.com/resources/safety/
http://www.inductotherm.com/safety/safety14.htm,http://inductotherm.com/resources/safety/
http://www.inductotherm.com/safety/safety2.htm,http://inductotherm.com/resources/safety/
http://www.inductotherm.com/safety/safety3.htm,http://inductotherm.com/resources/safety/
http://www.inductotherm.com/safety/safety4.htm,http://inductotherm.com/resources/safety/
http://www.inductotherm.com/safety/safety5.htm,http://inductotherm.com/resources/safety/
http://www.inductotherm.com/safety/safety6.htm,http://inductotherm.com/resources/safety/
http://www.inductotherm.com/safety/safety7.htm,http://inductotherm.com/resources/safety/
http://www.inductotherm.com/safety/safety8.htm,http://inductotherm.com/resources/safety/
http://www.inductotherm.com/safety/safety9.htm,http://inductotherm.com/resources/safety/
http://www.inductotherm.com/SafetyLongProductsOptions.htm,http://inductotherm.com/resources/safety/
http://www.inductotherm.com/SafetyLongProductsVideo.htm,http://inductotherm.com/resources/safety/
http://www.inductotherm.com/SafetyMassHeatingOptions.htm,http://inductotherm.com/resources/safety/
http://www.inductotherm.com/SafetyMassHeatingVideo.htm,http://inductotherm.com/resources/safety/
http://www.inductotherm.com/SafetyMeltingOptions.htm,http://inductotherm.com/resources/safety/
http://www.inductotherm.com/SafetyMeltingTest.htm,http://inductotherm.com/resources/safety/
http://www.inductotherm.com/SafetyMeltingTestAnswerKey.htm,http://inductotherm.com/resources/safety/
http://www.inductotherm.com/SafetyMeltingVideo.htm,http://inductotherm.com/resources/safety/
http://www.inductotherm.com/SafetyMeltingVideo6.htm,http://inductotherm.com/resources/safety/
http://www.inductotherm.com/SafetyOptions.htm,http://inductotherm.com/resources/safety/
http://www.inductotherm.com/SafetyStop.htm,http://inductotherm.com/resources/safety/
http://www.inductotherm.com/ServiceAndSupport.htm,http://inductotherm.com/resources/faqs/service-and-support/
http://www.inductotherm.com/SiteMap.htm,http://inductotherm.com/
http://www.inductotherm.com/splash/index.html,http://inductotherm.com/
http://www.inductotherm.com/steel/,http://inductotherm.com/products
http://www.inductotherm.com/steel/bar_heaters.html,http://inductotherm.com/products
http://www.inductotherm.com/steel/boost_heating.html,http://inductotherm.com/products
http://www.inductotherm.com/steel/coating.html,http://inductotherm.com/products
http://www.inductotherm.com/steel/coating_drying.html,http://inductotherm.com/blog/products/paint-and-coating-drying-systems/
http://www.inductotherm.com/steel/emergency.html,http://inductotherm.com/
http://www.inductotherm.com/steel/galvannealing.html,http://inductotherm.com/blog/products/galvannealing-systems/
http://www.inductotherm.com/steel/index.html,http://inductotherm.com/products
http://www.inductotherm.com/steel/premelting.html,http://inductotherm.com/blog/products/pre-melting-pots/
http://www.inductotherm.com/steel/roll_hardening.html,http://inductotherm.com/blog/products/mill-roll-hardening-systems/
http://www.inductotherm.com/steel/slab_heaters.html,http://inductotherm.com/blog/product_categories/slab-bloom-and-transfer-bar-heaters/
http://www.inductotherm.com/steel/tin_reflow.html,http://inductotherm.com/blog/products/tin-reflow-systems/
http://www.inductotherm.com/steel/tube_heaters.html,http://inductotherm.com/products
http://www.inductotherm.com/template2.htm,http://inductotherm.com/
http://www.inductotherm.com/template3.htm,http://inductotherm.com/
http://www.inductotherm.com/template4.htm,http://inductotherm.com/
http://www.inductotherm.com/template5.htm,http://inductotherm.com/
http://www.inductotherm.com/template6.htm,http://inductotherm.com/
http://www.inductotherm.com/tradesho/tradesh.htm,http://inductotherm.com/
http://www.inductotherm.com/WMV/automaticpouringsection.avi,http://inductotherm.com/
http://www.inductotherm.com/WMV/chargingsection.avi,http://inductotherm.com/
http://www.inductotherm.com/WMV/electricalsection.avi,http://inductotherm.com/
http://www.inductotherm.com/WMV/forewordsection.avi,http://inductotherm.com/
http://www.inductotherm.com/WMV/furnacesection.avi,http://inductotherm.com/
http://www.inductotherm.com/WMV/refractorysection.avi,http://inductotherm.com/
http://www.inductotherm.com/WMV/safetysection.avi,http://inductotherm.com/
http://www.inductotherm.com/worldwide/wwintro.htm,http://inductotherm.com/
http://www.inductotherm.com/www.inductotherm.be,http://inductotherm.com/
http://www.inductotherm.com/www.inductotherm.com,http://inductotherm.com/
http://www.inductotherm.com/www.inductothermgroup.com,http://inductotherm.com/