http://inductoheat.com/%20target=,http://inductoheat.com/,
http://inductoheat.com/.au,http://inductoheat.com/,
http://inductoheat.com/?p=291,http://inductoheat.com/,
http://inductoheat.com/3rd-induction-heating-seminar-in-mexico.php,http://inductoheat.com/blog/events/heat-treat-mexico-advanced-thermal-processing-technology-conference-expo/,
http://inductoheat.com/about-inductoheat.php,http://inductoheat.com/inductoheat-company-information/,
http://inductoheat.com/aeronautics-industry.php,http://inductoheat.com/blog/product_categories/inductoheat/,
http://inductoheat.com/aftermarket-coil-and-tooling-department.php,http://inductoheat.com/,
http://inductoheat.com/aftermarket-personnel.php,http://inductoheat.com/contact-us/,
http://inductoheat.com/aftermarket-spare-parts.php,http://inductoheat.com/spare-parts/,
http://inductoheat.com/aftermarket-support-and-service.php,http://inductoheat.com/aftermarket-service-request-form/,
http://inductoheat.com/applications/,http://inductoheat.com/induction-heating-applications/,
http://inductoheat.com/applications/induction-heat-treating/,http://inductoheat.com/induction-heating-applications/induction-heat-treating/,
http://inductoheat.com/articles.asp?p=2,http://inductoheat.com/blog/article/,
http://inductoheat.com/articles.php,http://inductoheat.com/blog/article/,
http://inductoheat.com/articles.php?page=1,http://inductoheat.com/blog/article/,
http://inductoheat.com/articles.php?page=10,http://inductoheat.com/blog/article/,
http://inductoheat.com/articles.php?page=11,http://inductoheat.com/blog/article/,
http://inductoheat.com/articles.php?page=12,http://inductoheat.com/blog/article/,
http://inductoheat.com/articles.php?page=13,http://inductoheat.com/blog/article/,
http://inductoheat.com/articles.php?page=14,http://inductoheat.com/blog/article/,
http://inductoheat.com/articles.php?page=15,http://inductoheat.com/blog/article/,
http://inductoheat.com/articles.php?page=16,http://inductoheat.com/blog/article/,
http://inductoheat.com/articles.php?page=17,http://inductoheat.com/blog/article/,
http://inductoheat.com/articles.php?page=2,http://inductoheat.com/blog/article/,
http://inductoheat.com/articles.php?page=3,http://inductoheat.com/blog/article/,
http://inductoheat.com/articles.php?page=4,http://inductoheat.com/blog/article/,
http://inductoheat.com/articles.php?page=5,http://inductoheat.com/blog/article/,
http://inductoheat.com/articles.php?page=6,http://inductoheat.com/blog/article/,
http://inductoheat.com/articles.php?page=7,http://inductoheat.com/blog/article/,
http://inductoheat.com/articles.php?page=8,http://inductoheat.com/blog/article/,
http://inductoheat.com/articles.php?page=9,http://inductoheat.com/blog/article/,
http://inductoheat.com/articlesabstract.asp?id=70,http://inductoheat.com/blog/article/,
http://inductoheat.com/articlesabstract.asp?id=71,http://inductoheat.com/blog/article/,
http://inductoheat.com/articlesabstract.asp?id=72,http://inductoheat.com/blog/article/,
http://inductoheat.com/articlesabstract.asp?id=73,http://inductoheat.com/blog/article/,
http://inductoheat.com/au,http://inductoheat.com/,
http://inductoheat.com/austf.htm,http://inductoheat.com/,
http://inductoheat.com/automotive-industry.php,http://inductoheat.com/blog/product_categories/inductoheat/,
http://inductoheat.com/belgf.htm,http://inductoheat.com/,
http://inductoheat.com/billet-articles.php,http://inductoheat.com/blog/article/,http://inductoheat.com/blog/products/inductoforge-induction-billet-heating-systems-for-forging/
http://inductoheat.com/billet-articles.php?page=1,http://inductoheat.com/blog/article/,http://inductoheat.com/blog/products/inductoforge-induction-billet-heating-systems-for-forging/
http://inductoheat.com/billet-articles.php?page=2,http://inductoheat.com/blog/article/,http://inductoheat.com/blog/products/inductoforge-induction-billet-heating-systems-for-forging/
http://inductoheat.com/billet-articles.php?page=3,http://inductoheat.com/blog/article/,http://inductoheat.com/blog/products/inductoforge-induction-billet-heating-systems-for-forging/
http://inductoheat.com/billet-articles.php?page=4,http://inductoheat.com/blog/article/,http://inductoheat.com/blog/products/inductoforge-induction-billet-heating-systems-for-forging/
http://inductoheat.com/billet-articles.php?page=5,http://inductoheat.com/blog/article/,http://inductoheat.com/blog/products/inductoforge-induction-billet-heating-systems-for-forging/
http://inductoheat.com/billet-articles.php?page=6,http://inductoheat.com/blog/article/,http://inductoheat.com/blog/products/inductoforge-induction-billet-heating-systems-for-forging/
http://inductoheat.com/blog/events/feed/www.gifa.com,http://inductoheat.com/blog/events/thermprocessgifa/,
http://inductoheat.com/blog/events/feed/www.gifa.de,http://inductoheat.com/blog/events/thermprocessgifa/,
http://inductoheat.com/blog/events/feed/www.thermprocess-online.com,http://inductoheat.com/blog/events/thermprocessgifa/,
http://inductoheat.com/blog/events/feed/www.thermprocess-online.de,http://inductoheat.com/blog/events/thermprocessgifa/,
http://inductoheat.com/blog/events/thermprocessgifa/www.gifa.com,http://inductoheat.com/blog/events/thermprocessgifa/,
http://inductoheat.com/blog/events/thermprocessgifa/www.gifa.de,http://inductoheat.com/blog/events/thermprocessgifa/,
http://inductoheat.com/blog/events/thermprocessgifa/www.thermprocess-online.com,http://inductoheat.com/blog/events/thermprocessgifa/,
http://inductoheat.com/blog/events/thermprocessgifa/www.thermprocess-online.de,http://inductoheat.com/blog/events/thermprocessgifa/,
http://inductoheat.com/blog/events/webinar-recent-innovations-in-induction-hardening-shafts-and-components-by-dr-valery-rudnev-fasm/,http://inductoheat.com/blog/article/free-webinar-solving-everyday-challenges-in-induction-heating-heat-treating-using-computer-simulation/,
http://inductoheat.com/blog/products/inductoforge-continuous-bar-heating-systems/,http://inductoheat.com/blog/product_categories/inductoforge-modular-bar-heating-systems-inductoforge,
http://inductoheat.com/blog/products/inductoforge-modular-billet-heating-system/,http://inductoheat.com/blog/product_categories/inductoforge-modular-billet-heating-systems-inductoforge,
http://inductoheat.com/blog/products/inductoscan-modular-heat-treating-system/,http://inductoheat.com/blog/product_categories/induction-scanning-systems,
http://inductoheat.com/blog/products/single-phase-tube-pipe-heating-system/,http://inductoheat.com/blog/products/single-phase-tube-pipe-heating-system-2/,
http://inductoheat.com/brazilf.htm,http://inductoheat.com/contact-us/,
http://inductoheat.com/bus-and-truck,http://inductoheat.com/,
http://inductoheat.com/bus-and-truck.php,http://inductoheat.com/,
http://inductoheat.com/careers.php,http://inductoheat.com/,
http://inductoheat.com/cb_people.asp,http://inductoheat.com/contact-us/,
http://inductoheat.com/cb_quality.asp,http://inductoheat.com/safety-and-quality/,
http://inductoheat.com/cb_service.asp,http://inductoheat.com/services/,
http://inductoheat.com/cb_stability.asp,http://inductoheat.com/,
http://inductoheat.com/cellpro.html,http://inductoheat.com/,
http://inductoheat.com/company-information/,http://inductoheat.com/inductoheat-company-information/,
http://inductoheat.com/computer-modeling-articles.php,http://inductoheat.com/blog/events,http://inductoheat.com/computer-modeling/
http://inductoheat.com/computer-modeling-articles.php?page=1,http://inductoheat.com/blog/events,http://inductoheat.com/computer-modeling/
http://inductoheat.com/computer-modeling-articles.php?page=2,http://inductoheat.com/blog/events,http://inductoheat.com/computer-modeling/
http://inductoheat.com/computer-modeling-articles.php?page=3,http://inductoheat.com/blog/events,http://inductoheat.com/computer-modeling/
http://inductoheat.com/computer-modeling-articles.php?page=4,http://inductoheat.com/blog/events,http://inductoheat.com/computer-modeling/
http://inductoheat.com/computer-modeling-articles.php?page=5,http://inductoheat.com/blog/events,http://inductoheat.com/computer-modeling/
http://inductoheat.com/contactf.htm,http://inductoheat.com/contact/,
http://inductoheat.com/contact-us.php,http://inductoheat.com/contact/,
http://inductoheat.com/crankpro-induction-hardening-system.php,http://inductoheat.com/induction-heating-applications/,
http://inductoheat.com/css/global.css,http://inductoheat.com/contact-us/,
http://inductoheat.com/cu-canada.php,http://inductoheat.com/contact-us/,
http://inductoheat.com/cu-florida.php,http://inductoheat.com/contact-us/,
http://inductoheat.com/cu-indiana.php,http://inductoheat.com/contact-us/,
http://inductoheat.com/cu-mexico.php,http://inductoheat.com/contact-us/,
http://inductoheat.com/cu-michigan.php,http://inductoheat.com/contact-us/,
http://inductoheat.com/cu-michmetro.php,http://inductoheat.com/contact-us/,
http://inductoheat.com/cu-midwest.php,http://inductoheat.com/contact-us/,
http://inductoheat.com/cu-northcentral.php,http://inductoheat.com/contact-us/,
http://inductoheat.com/cu-northeast.php,http://inductoheat.com/contact-us/,
http://inductoheat.com/cu-northwest.php,http://inductoheat.com/contact-us/,
http://inductoheat.com/cu-ohio.php,http://inductoheat.com/contact-us/,
http://inductoheat.com/cu-ont.php,http://inductoheat.com/contact-us/,
http://inductoheat.com/cu-scal.php,http://inductoheat.com/contact-us/,
http://inductoheat.com/cu-southcentral.php,http://inductoheat.com/contact-us/,
http://inductoheat.com/cu-southeast.php,http://inductoheat.com/contact-us/,
http://inductoheat.com/cu-southwest.php,http://inductoheat.com/contact-us/,
http://inductoheat.com/customerbenefits.asp,http://inductoheat.com/,
http://inductoheat.com/customized-4-megawatt.php,http://inductoheat.com/products,
http://inductoheat.com/email-alert.php,http://inductoheat.com/,
http://inductoheat.com/employmentopportunities.asp,http://inductoheat.com/,
http://inductoheat.com/energy.html,http://inductoheat.com/,
http://inductoheat.com/es/,http://inductoheat.com/,
http://inductoheat.com/es/calentamiento-por-induccion.php,http://inductoheat.com/,
http://inductoheat.com/es/calentamiento-por-induccion-baja-frecuencia.php,http://inductoheat.com/,
http://inductoheat.com/es/contactenos.php,http://inductoheat.com/,
http://inductoheat.com/es/eventos.php,http://inductoheat.com/,
http://inductoheat.com/es/grupo-inductotherm.php,http://inductoheat.com/,
http://inductoheat.com/es/index.php,http://inductoheat.com/,
http://inductoheat.com/es/poder-para-induccion.php,http://inductoheat.com/,
http://inductoheat.com/es/productos.php,http://inductoheat.com/products,
http://inductoheat.com/es/servicios.php,http://inductoheat.com/services/,
http://inductoheat.com/es/tratamiento-termico.php,http://inductoheat.com/legal/,
http://inductoheat.com/eventf.htm,http://inductoheat.com/blog/events,
http://inductoheat.com/events.asp,http://inductoheat.com/blog/events,
http://inductoheat.com/events.php,http://inductoheat.com/blog/events,
http://inductoheat.com/extensive-training-courses-for-the-operation-maintenance-and-troubleshooting-of-inductoheat-solid-state-power-supplies.php,http://inductoheat.com/induction-power-supply-training/,
http://inductoheat.com/food_and_wine_italy.htm,http://inductoheat.com/,
http://inductoheat.com/formf.htm,http://inductoheat.com/contact/,
http://inductoheat.com/francef.htm,http://inductoheat.com/,
http://inductoheat.com/general-industry.php,http://inductoheat.com/blog/product_categories/inductoheat/,
http://inductoheat.com/groupf.htm,http://inductoheat.com/,
http://inductoheat.com/hand-and-mining-tools.php,http://inductoheat.com/products,
http://inductoheat.com/hembond.html,http://inductoheat.com/products,
http://inductoheat.com/henry-m-rowan-presented-with-the-union-leagues-founders-award-for-business-leadership.php,http://inductoheat.com/blog/article,
http://inductoheat.com/home.htm,http://inductoheat.com/,
http://inductoheat.com/imhd.html,http://inductoheat.com/,
http://inductoheat.com/inc/products/view.cfm?ProductID=4047&amp%3BCompID=9&amp%3B,http://inductoheat.com/products,
http://inductoheat.com/inc/products/view.cfm?ProductID=4047&CompID=9,http://inductoheat.com/products,
http://inductoheat.com/inc/products/view.cfm?ProductID=4047&CompID=9&,http://inductoheat.com/products,
http://inductoheat.com/inc/products/view.cfm?ProductID=4047&CompID=9&CategID=1,http://inductoheat.com/products,
http://inductoheat.com/index.asp,http://inductoheat.com/,
http://inductoheat.com/indiaf.htm,http://inductoheat.com/,
http://inductoheat.com/induction-60hz-equip.php,http://inductoheat.com/induction-heating-applications/,
http://inductoheat.com/induction-applications.php,http://inductoheat.com/induction-heating-applications/,
http://inductoheat.com/induction-customized-application.php,http://inductoheat.com/induction-heating-applications/,
http://inductoheat.com/induction-forge-heat,http://inductoheat.com/induction-forge-heating/,
http://inductoheat.com/induction-forge-heating.php,http://inductoheat.com/induction-forge-heating/,
http://inductoheat.com/induction-forge-heating-applications.php,http://inductoheat.com/induction-forge-heating/,
http://inductoheat.com/induction-forge-heating-equipment.php,http://inductoheat.com/induction-forge-heating/,
http://inductoheat.com/induction-hardening-articles.php,http://inductoheat.com/blog/category/technical-articles/induction-hardening/,
http://inductoheat.com/induction-hardening-articles.php?page=1,http://inductoheat.com/blog/category/technical-articles/induction-hardening/,
http://inductoheat.com/induction-hardening-articles.php?page=10,http://inductoheat.com/blog/category/technical-articles/induction-hardening/,
http://inductoheat.com/induction-hardening-articles.php?page=2,http://inductoheat.com/blog/category/technical-articles/induction-hardening/,
http://inductoheat.com/induction-hardening-articles.php?page=3,http://inductoheat.com/blog/category/technical-articles/induction-hardening/,
http://inductoheat.com/induction-hardening-articles.php?page=4,http://inductoheat.com/blog/category/technical-articles/induction-hardening/,
http://inductoheat.com/induction-hardening-articles.php?page=5,http://inductoheat.com/blog/category/technical-articles/induction-hardening/,
http://inductoheat.com/induction-hardening-articles.php?page=6,http://inductoheat.com/blog/category/technical-articles/induction-hardening/,
http://inductoheat.com/induction-hardening-articles.php?page=7,http://inductoheat.com/blog/category/technical-articles/induction-hardening/,
http://inductoheat.com/induction-hardening-articles.php?page=8,http://inductoheat.com/blog/category/technical-articles/induction-hardening/,
http://inductoheat.com/induction-hardening-articles.php?page=9,http://inductoheat.com/blog/category/technical-articles/induction-hardening/,
http://inductoheat.com/induction-hardening-tempering-system-for-driveline-components.php,http://inductoheat.com/,
http://inductoheat.com/induction-hardening-tempering-system-for-drivetrain-components.php,http://inductoheat.com/,
http://inductoheat.com/induction-heating-webinar.php,http://inductoheat.com/blog/article/free-webinar-solving-everyday-challenges-in-induction-heating-heat-treating-using-computer-simulation/,
http://inductoheat.com/induction-heat-treat,http://inductoheat.com/induction-heating-applications/,
http://inductoheat.com/induction-heat-treating.php,http://inductoheat.com/induction-heating-applications/,
http://inductoheat.com/induction-heat-treating-applications.php,http://inductoheat.com/induction-heating-applications/,
http://inductoheat.com/induction-heat-treating-equipment.php,http://inductoheat.com/induction-heating-applications/,
http://inductoheat.com/induction-heat-treating-equipment-2.php,http://inductoheat.com/induction-heating-applications/,
http://inductoheat.com/induction-low-frequency-heating.php,http://inductoheat.com/induction-low-frequency-heating/,
http://inductoheat.com/induction-low-frequency-heating-applications.php,http://inductoheat.com/induction-low-frequency-heating/,
http://inductoheat.com/induction-power-supplies.php,http://inductoheat.com/induction-power-supply-training/,
http://inductoheat.com/induction-tempering-articles.php,http://inductoheat.com/blog/article,
http://inductoheat.com/induction-tempering-articles.php?page=2,http://inductoheat.com/blog/article,
http://inductoheat.com/induction-tube-and-pipe-heating.php,http://inductoheat.com/blog/product_categories/fluxmanager-tube-pipe-heating-systems/,
http://inductoheat.com/induction-tube-and-pipe-heating-applications.php,http://inductoheat.com/induction-tube-pipe-heating/,
http://inductoheat.com/induction-tube-and-pipe-heating-equipment.php,http://inductoheat.com/blog/product_categories/fluxmanager-tube-pipe-heating-systems/,
http://inductoheat.com/inductoforge-modular-induction-heating-system.php,http://inductoheat.com/blog/products/inductoforge-induction-billet-heating-systems-for-forging/,
http://inductoheat.com/inductoheat-inc-launches-new-technical-articles-page-on-website.php,http://inductoheat.com/blog/category/technical-articles/,
http://inductoheat.com/inductoheat-inc-receives-iso-90012008-certification.php,http://inductoheat.com/wp-content/uploads/sites/16/2015/12/Inductoheat-417071-final-cert.pdf,
http://inductoheat.com/inductoheat-inc-ships-billet-heating-system-for-upset-forging.php,http://inductoheat.com/blog/products/inductoforge-induction-billet-heating-systems-for-forging/,
http://inductoheat.com/inductoheat-inc-ships-induction-billet-heating-system-to-supplier-of-hand-tools.php,http://inductoheat.com/blog/products/inductoforge-induction-billet-heating-systems-for-forging/,
http://inductoheat.com/inductoheat-inc-ships-induction-hardening-system-for-balance-shafts.php,http://inductoheat.com/blog/events,
http://inductoheat.com/inductoheat-inc-ships-induction-heating-shrink-fit-system-for-motor-rotors.php,http://inductoheat.com/blog/events,
http://inductoheat.com/inductoheat-inc-ships-inductoforge-billet-heating-system-forgin-line.php,http://inductoheat.com/blog/products/inductoforge-induction-billet-heating-systems-for-forging/,
http://inductoheat.com/inductoheat-inc-ships-three-customized-statiscan.php,http://inductoheat.com/products,
http://inductoheat.com/inductoheats-solutions-for-typical-induction-heating-problems-webinar-a-great-success.php,http://inductoheat.com/blog/article/free-webinar-solving-everyday-challenges-in-induction-heating-heat-treating-using-computer-simulation/,
http://inductoheat.com/inductoscan-modular-induction-heating-system.php,http://inductoheat.com/blog/products/inductoscan-xl-modular-heat-treating-system/,
http://inductoheat.com/inductotherm-group-add-clinton-machine.php,http://inductoheat.com/blog/article/inductotherm-group-to-add-clinton-machine-to-group-family-rancocas-nj/,
http://inductoheat.com/inductotherm-group-proclaims-thermaprocess-gifa-2011-success.php,http://inductoheat.com/blog/article,
http://inductoheat.com/inductotherm-group-worldwide.php,http://inductoheat.com/,
http://inductoheat.com/industries-that-benefit.php,http://inductoheat.com/,
http://inductoheat.com/industries-that-benefit-2.php,http://inductoheat.com/,
http://inductoheat.com/iross-fluxmanager-pipeend-heating.php,http://inductoheat.com/blog/product_categories/fluxmanager-tube-pipe-heating-systems,
http://inductoheat.com/iross-induction-power-supply.php,http://inductoheat.com/induction-power-supply-training/,
http://inductoheat.com/japanf.htm,http://inductoheat.com/,
http://inductoheat.com/joining-articles.php,http://inductoheat.com/,
http://inductoheat.com/koreaf.htm,http://inductoheat.com/,
http://inductoheat.com/l_detail.asp?id=1,http://inductoheat.com/,
http://inductoheat.com/l_detail.asp?id=11,http://inductoheat.com/,
http://inductoheat.com/l_detail.asp?id=12,http://inductoheat.com/,
http://inductoheat.com/l_detail.asp?id=13,http://inductoheat.com/,
http://inductoheat.com/l_detail.asp?id=14,http://inductoheat.com/,
http://inductoheat.com/l_detail.asp?id=15,http://inductoheat.com/,
http://inductoheat.com/l_detail.asp?id=16,http://inductoheat.com/,
http://inductoheat.com/l_detail.asp?id=18,http://inductoheat.com/,
http://inductoheat.com/l_detail.asp?id=19,http://inductoheat.com/,
http://inductoheat.com/l_detail.asp?id=2,http://inductoheat.com/,
http://inductoheat.com/l_detail.asp?id=20,http://inductoheat.com/,
http://inductoheat.com/l_detail.asp?id=21,http://inductoheat.com/,
http://inductoheat.com/l_detail.asp?id=22,http://inductoheat.com/,
http://inductoheat.com/l_detail.asp?id=23,http://inductoheat.com/,
http://inductoheat.com/l_detail.asp?id=25,http://inductoheat.com/,
http://inductoheat.com/l_detail.asp?id=26,http://inductoheat.com/,
http://inductoheat.com/l_detail.asp?id=27,http://inductoheat.com/,
http://inductoheat.com/l_detail.asp?id=28,http://inductoheat.com/,
http://inductoheat.com/l_detail.asp?id=29,http://inductoheat.com/,
http://inductoheat.com/l_detail.asp?id=3,http://inductoheat.com/,
http://inductoheat.com/l_detail.asp?id=30,http://inductoheat.com/,
http://inductoheat.com/l_detail.asp?id=32,http://inductoheat.com/,
http://inductoheat.com/l_detail.asp?id=34,http://inductoheat.com/,
http://inductoheat.com/l_detail.asp?id=35,http://inductoheat.com/,
http://inductoheat.com/l_detail.asp?id=36,http://inductoheat.com/,
http://inductoheat.com/l_detail.asp?id=37,http://inductoheat.com/,
http://inductoheat.com/l_detail.asp?id=38,http://inductoheat.com/,
http://inductoheat.com/l_detail.asp?id=39,http://inductoheat.com/,
http://inductoheat.com/l_detail.asp?id=4,http://inductoheat.com/,
http://inductoheat.com/l_detail.asp?id=40,http://inductoheat.com/,
http://inductoheat.com/l_detail.asp?id=41,http://inductoheat.com/,
http://inductoheat.com/l_detail.asp?id=42,http://inductoheat.com/,
http://inductoheat.com/l_detail.asp?id=43,http://inductoheat.com/,
http://inductoheat.com/l_detail.asp?id=44,http://inductoheat.com/,
http://inductoheat.com/l_detail.asp?id=45,http://inductoheat.com/,
http://inductoheat.com/l_detail.asp?id=46,http://inductoheat.com/,
http://inductoheat.com/l_detail.asp?id=47,http://inductoheat.com/,
http://inductoheat.com/l_detail.asp?id=6,http://inductoheat.com/,
http://inductoheat.com/l_detail.asp?id=7,http://inductoheat.com/,
http://inductoheat.com/l_detail.asp?id=8,http://inductoheat.com/,
http://inductoheat.com/l_home.asp?type=1,http://inductoheat.com/,
http://inductoheat.com/l_home.asp?type=2,http://inductoheat.com/,
http://inductoheat.com/l_home.asp?type=3,http://inductoheat.com/,
http://inductoheat.com/l_home.asp?type=4,http://inductoheat.com/,
http://inductoheat.com/l_home.asp?type=5,http://inductoheat.com/,
http://inductoheat.com/leaseprogram.asp,http://inductoheat.com/,
http://inductoheat.com/legal.html,http://inductoheat.com/legal/,
http://inductoheat.com/literature.php,http://inductoheat.com/services/,
http://inductoheat.com/literature/inductoforge/modular-induction-billet-heaters.pdf,http://inductoheat.com/blog/products/inductoforge-induction-billet-heating-systems-for-forging/,
http://inductoheat.com/literature/inductoforge/Thumbs.db,http://inductoheat.com/services/,
http://inductoheat.com/literature/Inductoheat%20Corporate%20Brochure.pdf,http://inductoheat.com/,
http://inductoheat.com/literature/iross/IROSS%20FluxManager%20Systems%20for%20OCTG.pdf,http://inductoheat.com/blog/product_categories/fluxmanager-tube-pipe-heating-systems,
http://inductoheat.com/literature/iross/IROSS-STATOR%20HEATER.pdf,http://inductoheat.com/blog/product_categories/iross/,
http://inductoheat.com/literature/iross/Thumbs.db,http://inductoheat.com/blog/product_categories/iross/,
http://inductoheat.com/literature/misc_products/IHEAT-AppNote%20LargeGear-2.pdf,http://inductoheat.com/products,
http://inductoheat.com/literature/misc_products/Water,http://inductoheat.com/products,
http://inductoheat.com/literature/misc_products/Water%20Recirculating%20System.pdf,http://inductoheat.com/blog/category/inductotherm-3/water-cooling-systems/,
http://inductoheat.com/literature/power-supplies/STATIPOWER12.pdf,http://inductoheat.com/induction-power-supply-training/,
http://inductoheat.com/literature/power-supplies/Thumbs.db,http://inductoheat.com/induction-power-supply-training/,
http://inductoheat.com/literature/scanning-systems/STATISCAN%20II%20and%20IV.pdf,http://inductoheat.com/blog/product_categories/induction-scanning-systems/,
http://inductoheat.com/long-lasting-inductor-articles.php,http://inductoheat.com/blog/article,
http://inductoheat.com/long-lasting-inductor-articles.php?page=1,http://inductoheat.com/blog/article,
http://inductoheat.com/long-lasting-inductor-articles.php?page=2,http://inductoheat.com/blog/article,
http://inductoheat.com/long-lasting-inductor-articles.php?page=3,http://inductoheat.com/blog/article,
http://inductoheat.com/long-lasting-inductor-articles.php?page=4,http://inductoheat.com/blog/article,
http://inductoheat.com/magnetic-flux-articles.php,http://inductoheat.com/blog/article,
http://inductoheat.com/magnetic-flux-articles.php?page=1,http://inductoheat.com/blog/article,
http://inductoheat.com/magnetic-flux-articles.php?page=2,http://inductoheat.com/blog/article,
http://inductoheat.com/marine-industry.php,http://inductoheat.com/blog/product_categories/inductoheat/,
http://inductoheat.com/metallurgical-articles.php,http://inductoheat.com/,
http://inductoheat.com/metallurgical-articles.php?page=1,http://inductoheat.com/,
http://inductoheat.com/metallurgical-articles.php?page=2,http://inductoheat.com/,
http://inductoheat.com/metallurgical-articles.php?page=3,http://inductoheat.com/,
http://inductoheat.com/metallurgical-articles.php?page=4,http://inductoheat.com/,
http://inductoheat.com/metallurgical-laboratory.php,http://inductoheat.com/,
http://inductoheat.com/mhdprod.html,http://inductoheat.com/,
http://inductoheat.com/mhdsales.html,http://inductoheat.com/,
http://inductoheat.com/model.html,http://inductoheat.com/,
http://inductoheat.com/new-process-metallurgist-laboratory-supervisor-at-inductoheat-inc.php,http://inductoheat.com/,
http://inductoheat.com/news.php,http://inductoheat.com/blog/article,
http://inductoheat.com/new-ship-fully-automated-heat-treatment.php,http://inductoheat.com/blog/article,
http://inductoheat.com/new-single-coil-dual-frequency-induction-hardening-system-for-gears.php,http://inductoheat.com/products,
http://inductoheat.com/new-vp-oem-sales.php,http://inductoheat.com/blog/article/new-vp-of-oem-sales-at-inductoheat-inc/,
http://inductoheat.com/new-vp-of-heat-treating-at-inductoheat.php,http://inductoheat.com/blog/article/new-vp-of-oem-sales-at-inductoheat-inc/,
http://inductoheat.com/octg.php,http://inductoheat.com/,
http://inductoheat.com/off-road-vehicles.php,http://inductoheat.com/,
http://inductoheat.com/p_home.asp,http://inductoheat.com/,
http://inductoheat.com/p_home.asp?type=5,http://inductoheat.com/,
http://inductoheat.com/pdf/100.pdf,http://inductoheat.com/,
http://inductoheat.com/pdf/102.pdf,http://inductoheat.com/,
http://inductoheat.com/pdf/104.pdf,http://inductoheat.com/,
http://inductoheat.com/pdf/105.pdf,http://inductoheat.com/,
http://inductoheat.com/pdf/106.pdf,http://inductoheat.com/,
http://inductoheat.com/pdf/114.pdf,http://inductoheat.com/,
http://inductoheat.com/pdf/115.pdf,http://inductoheat.com/,
http://inductoheat.com/pdf/115.pdfна,http://inductoheat.com/,
http://inductoheat.com/pdf/116.pdf,http://inductoheat.com/,
http://inductoheat.com/pdf/117.pdf,http://inductoheat.com/,
http://inductoheat.com/pdf/119,http://inductoheat.com/,
http://inductoheat.com/pdf/119.pdf,http://inductoheat.com/,
http://inductoheat.com/pdf/120.pdf,http://inductoheat.com/,
http://inductoheat.com/pdf/123.pdf,http://inductoheat.com/,
http://inductoheat.com/pdf/125.pdf,http://inductoheat.com/,
http://inductoheat.com/pdf/126.pdf,http://inductoheat.com/,
http://inductoheat.com/pdf/129.pdf,http://inductoheat.com/,
http://inductoheat.com/pdf/130.pdf,http://inductoheat.com/,
http://inductoheat.com/pdf/131.pdf,http://inductoheat.com/,
http://inductoheat.com/pdf/132.pdf,http://inductoheat.com/,
http://inductoheat.com/pdf/133.pdf,http://inductoheat.com/,
http://inductoheat.com/pdf/134.pdf,http://inductoheat.com/,
http://inductoheat.com/pdf/135,http://inductoheat.com/,
http://inductoheat.com/pdf/136.pdf,http://inductoheat.com/,
http://inductoheat.com/pdf/137.pdf,http://inductoheat.com/,
http://inductoheat.com/pdf/138.pdf,http://inductoheat.com/,
http://inductoheat.com/pdf/140.pdf,http://inductoheat.com/,
http://inductoheat.com/pdf/30.pdf,http://inductoheat.com/,
http://inductoheat.com/pdf/36.pdf,http://inductoheat.com/,
http://inductoheat.com/pdf/37.pdf,http://inductoheat.com/,
http://inductoheat.com/pdf/39.pdf,http://inductoheat.com/,
http://inductoheat.com/pdf/42.pdf,http://inductoheat.com/,
http://inductoheat.com/pdf/45.pdf,http://inductoheat.com/,
http://inductoheat.com/pdf/46.pdf,http://inductoheat.com/,
http://inductoheat.com/pdf/47.pdf,http://inductoheat.com/,
http://inductoheat.com/pdf/48.pdf,http://inductoheat.com/,
http://inductoheat.com/pdf/49.pdf,http://inductoheat.com/,
http://inductoheat.com/pdf/50.pdf,http://inductoheat.com/,
http://inductoheat.com/pdf/51.pdf,http://inductoheat.com/,
http://inductoheat.com/pdf/52.pdf,http://inductoheat.com/,
http://inductoheat.com/pdf/54.pdf,http://inductoheat.com/,
http://inductoheat.com/pdf/57.pdf,http://inductoheat.com/,
http://inductoheat.com/pdf/59.pdf,http://inductoheat.com/,
http://inductoheat.com/pdf/60.pdf,http://inductoheat.com/,
http://inductoheat.com/pdf/61.pdf,http://inductoheat.com/,
http://inductoheat.com/pdf/62.pdf,http://inductoheat.com/,
http://inductoheat.com/pdf/64.pdf,http://inductoheat.com/,
http://inductoheat.com/pdf/65.pdf,http://inductoheat.com/,
http://inductoheat.com/pdf/67.pdf,http://inductoheat.com/,
http://inductoheat.com/pdf/69.pdf,http://inductoheat.com/,
http://inductoheat.com/pdf/74.pdf,http://inductoheat.com/,
http://inductoheat.com/pdf/79.pdf,http://inductoheat.com/,
http://inductoheat.com/pdf/80.pdf,http://inductoheat.com/,
http://inductoheat.com/pdf/81.pdf,http://inductoheat.com/,
http://inductoheat.com/pdf/82.pdf,http://inductoheat.com/,
http://inductoheat.com/pdf/83.pdf,http://inductoheat.com/,
http://inductoheat.com/pdf/86.pdf,http://inductoheat.com/,
http://inductoheat.com/pdf/92.pdf,http://inductoheat.com/,
http://inductoheat.com/pdf/93.pdf,http://inductoheat.com/,
http://inductoheat.com/pdf/95.pdf,http://inductoheat.com/,
http://inductoheat.com/pdf/97.pdf,http://inductoheat.com/,
http://inductoheat.com/pdf/98.pdf,http://inductoheat.com/,
http://inductoheat.com/pdf/99.pdf,http://inductoheat.com/,
http://inductoheat.com/pdf/Coil,http://inductoheat.com/induction-coil-repair/,
http://inductoheat.com/pdf/Coil%20failure%20analysis_part%2013.pdf,http://inductoheat.com/induction-coil-repair/,
http://inductoheat.com/pdf/Coil%20failure%20analysis_part%2014.pdf,http://inductoheat.com/induction-coil-repair/,
http://inductoheat.com/pdf/Coilfailureanalysis_part12.pdf,http://inductoheat.com/induction-coil-repair/,
http://inductoheat.com/pdf/Computer,http://inductoheat.com/,
http://inductoheat.com/pdf/Computer%20modeling%20helps%20prevent%20failures%20of%20heat%20treated%20components_AM&P_Oct2011.pdf,http://inductoheat.com/,
http://inductoheat.com/pdf/computer-modeling-of-induction-heating-things-to-be-aware-of-things-to-avoid.pdf,http://inductoheat.com/what-is-induction-heating/,
http://inductoheat.com/pdf/Contour_Hardening_Bevel%20Hypoid%20and%20_Pinion%20gears_GearSolutions_Sept2011.pdf,http://inductoheat.com/wp-content/uploads/sites/16/2015/03/Recent-inductions-and-innovastions-innovations-in-induction-hardening-gears.pdf,
http://inductoheat.com/pdf/criticalcomponents.pdf,http://inductoheat.com/,
http://inductoheat.com/pdf/ensuring-quality-of-inductively-heated-billets.pdf,http://inductoheat.com/blog/product_categories/inductoforge-modular-billet-heating-systems-inductoforge/,
http://inductoheat.com/pdf/How%20to%20select%20inductors%20for%20billet%20heating%5B1%5D.pdf,http://inductoheat.com/blog/product_categories/inductoforge-modular-billet-heating-systems-inductoforge/,
http://inductoheat.com/pdf/IHT%20-%20Innovative%20Induction,http://inductoheat.com/wp-content/uploads/sites/16/2015/03/Recent-inductions-and-innovastions-innovations-in-induction-hardening-gears.pdf,
http://inductoheat.com/pdf/IHT%20-%20Innovative%20Induction%5B1%5D.pdf,http://inductoheat.com/wp-content/uploads/sites/16/2015/03/Recent-inductions-and-innovastions-innovations-in-induction-hardening-gears.pdf,
http://inductoheat.com/pdf/Induction%20hardening%20of%20gears%20and%20critical%20components_part_2.pdf,http://inductoheat.com/,
http://inductoheat.com/pdf/induction-heating-high-gear-wind-turbines.pdf,http://inductoheat.com/,
http://inductoheat.com/pdf/Innovative%20Induction%20Heat%20Treating%20Technologies.pdf,http://inductoheat.com/wp-content/uploads/sites/16/2015/03/IHT-New-Technology-Inductoheat.pdf,
http://inductoheat.com/pdf/Intricaciesof-,http://inductoheat.com/,
http://inductoheat.com/pdf/Intricacies-of-Computer-Simulation-of-I,http://inductoheat.com/computer-modeling/,
http://inductoheat.com/pdf/Intricacies-of-Computer-Simulation-of-Induction-Heating-,http://inductoheat.com/computer-modeling/,
http://inductoheat.com/pdf/Intricacies-of-Computer-Simulation-of-Induction-Heating-Processes_Valery_Rudnev_Chicago_2011.pdf,http://inductoheat.com/computer-modeling/,
http://inductoheat.com/pdf/Metallurgical_insights_1.pdf,http://inductoheat.com/,
http://inductoheat.com/pdf/Metallurgical_insights_2.pdf,http://inductoheat.com/,
http://inductoheat.com/pdf/Metallurgical_insights_3.pdf,http://inductoheat.com/,
http://inductoheat.com/pdf/Metallurgical_insights_4.pdf,http://inductoheat.com/,
http://inductoheat.com/pdf/Metallurgical_insights_5.pdf,http://inductoheat.com/,
http://inductoheat.com/pdf/Metallurgical_insights_6.pdf,http://inductoheat.com/,
http://inductoheat.com/pdf/Metallurgical_insights_7.pdf,http://inductoheat.com/,
http://inductoheat.com/pdf/modernforgeshops_.pdf,http://inductoheat.com/,
http://inductoheat.com/pdf/qa-cracking-at-holes.pdf,http://inductoheat.com/,
http://inductoheat.com/pdf/qa-issues-rust-soft-spots.pdf,http://inductoheat.com/,
http://inductoheat.com/pdf/Recent-inductions-and-innovastions-innovations-in-induction-hardening-gears.pdf,http://inductoheat.com/wp-content/uploads/sites/16/2015/03/Recent-inductions-and-innovastions-innovations-in-induction-hardening-gears.pdf,
http://inductoheat.com/pdf/simulteneous-dual-frequency_ih.pdf,http://inductoheat.com/,
http://inductoheat.com/pdf/Su,http://inductoheat.com/,
http://inductoheat.com/pdf/Successful,http://inductoheat.com/,
http://inductoheat.com/pdf/superior-induction-heating-with-computer-modeling.pdf,http://inductoheat.com/,
http://inductoheat.com/pdf/Taking-The-Crank-Out-of-Crankshaft-Hardening.pdf,http://inductoheat.com/,
http://inductoheat.com/pdf/Thumbs.db,http://inductoheat.com/,
http://inductoheat.com/pdf/Ti,http://inductoheat.com/,
http://inductoheat.com/pdf/Tips_for_Computer%20Modeling%20of%20Induction%20Heating%20Processes_Part%201.pdf,http://inductoheat.com/,
http://inductoheat.com/power-articles.php,http://inductoheat.com/induction-power-supply-training/,
http://inductoheat.com/power-articles.php?page=1,http://inductoheat.com/induction-power-supply-training/,
http://inductoheat.com/power-articles.php?page=2,http://inductoheat.com/induction-power-supply-training/,
http://inductoheat.com/prcf.htm,http://inductoheat.com/,
http://inductoheat.com/private_tours_italy.htm,http://inductoheat.com/,
http://inductoheat.com/products.php,http://inductoheat.com/products,
http://inductoheat.com/pwrmat1.html,http://inductoheat.com/,
http://inductoheat.com/quality.php,http://inductoheat.com/safety-and-quality/,
http://inductoheat.com/quikchg.html,http://inductoheat.com/,
http://inductoheat.com/railroad-industry.php,http://inductoheat.com/blog/product_categories/inductoheat/,
http://inductoheat.com/request.php,http://inductoheat.com/request-a-quote/,
http://inductoheat.com/rma.php,http://inductoheat.com/,
http://inductoheat.com/safety.php,http://inductoheat.com/safety-and-quality/,
http://inductoheat.com/sem9f.htm,http://inductoheat.com/services/,
http://inductoheat.com/servicef.htm,http://inductoheat.com/,
http://inductoheat.com/sitemap.php,http://inductoheat.com/,
http://inductoheat.com/sp12.html,http://inductoheat.com/,
http://inductoheat.com/sp5.html,http://inductoheat.com/,
http://inductoheat.com/statipower-hsps-induction-power-supply.php,http://inductoheat.com/blog/product_categories/induction-heating-power-supplies/,
http://inductoheat.com/statipower-sp11-induction-power-supply.php,http://inductoheat.com/blog/product_categories/induction-heating-power-supplies/,
http://inductoheat.com/statipower-sp12-induction-power-supply.php,http://inductoheat.com/blog/product_categories/induction-heating-power-supplies/,
http://inductoheat.com/statipower-sp16-induction-power-supply.php,http://inductoheat.com/blog/product_categories/induction-heating-power-supplies/,
http://inductoheat.com/statipower-sp18-induction-power-supply.php,http://inductoheat.com/blog/product_categories/induction-heating-power-supplies/,
http://inductoheat.com/statipower-sp57-induction-power-supply.php,http://inductoheat.com/blog/product_categories/induction-heating-power-supplies/,
http://inductoheat.com/statipower-sp6-induction-power-supply.php,http://inductoheat.com/blog/product_categories/induction-heating-power-supplies/,
http://inductoheat.com/statiscan.html,http://inductoheat.com/blog/product_categories/induction-scanning-systems/,
http://inductoheat.com/statiscan-induction-scanning-system.php,http://inductoheat.com/blog/product_categories/induction-scanning-systems/,
http://inductoheat.com/stdprodf.htm,http://inductoheat.com/blog/product_categories/induction-scanning-systems/,
http://inductoheat.com/stscan4.html,http://inductoheat.com/blog/product_categories/induction-scanning-systems/,
http://inductoheat.com/suggested_itineraries_trip_italy.htm,http://inductoheat.com/,
http://inductoheat.com/support-and-service.php,http://inductoheat.com/aftermarket-service-request-form/,
http://inductoheat.com/ta_expertdirectory.asp,http://inductoheat.com/,
http://inductoheat.com/taiwanf.htm,http://inductoheat.com/,
http://inductoheat.com/technical-advice.php,http://inductoheat.com/blog/category/technical-articles/,
http://inductoheat.com/tell-a-friend/tellafriend-page.php,http://inductoheat.com/,
http://inductoheat.com/the-inductotherm-group-company-index.php,http://inductoheat.com/,
http://inductoheat.com/transportation_getting_around_in_italy.htm,http://inductoheat.com/,
http://inductoheat.com/tube-pipe-articles.php,http://inductoheat.com/induction-tube-pipe-heating/,
http://inductoheat.com/tube-pipe-articles.php?page=1,http://inductoheat.com/induction-tube-pipe-heating/,
http://inductoheat.com/tube-pipe-articles.php?page=2,http://inductoheat.com/induction-tube-pipe-heating/,
http://inductoheat.com/ukf.htm,http://inductoheat.com/,
http://inductoheat.com/unicool.html,http://inductoheat.com/products,
http://inductoheat.com/uniforge.html,http://inductoheat.com/blog/product_categories/inductoforge/,
http://inductoheat.com/unipower-up12-induction-power-supply.php,http://inductoheat.com/blog/products/unipower-up12-self-contained-induction-power-supply/,
http://inductoheat.com/uniscan-induction-hardening-system.php,http://inductoheat.com/blog/product_categories/induction-scanning-systems/,
http://inductoheat.com/unscan4.html,http://inductoheat.com/blog/product_categories/induction-scanning-systems/,
http://inductoheat.com/upbtop.html,http://inductoheat.com/,
http://inductoheat.com/us2.html,http://inductoheat.com/,
http://inductoheat.com/usasubsf.htm,http://inductoheat.com/,
http://inductoheat.com/user-terms.php,http://inductoheat.com/legal/,
http://inductoheat.com/vsm-induction-heating-system.php,http://inductoheat.com/blog/products/vsm-95-modular-heat-treating-system/,
http://inductoheat.com/what-is-induction/,http://inductoheat.com/what-is-induction-heating/,
http://inductoheat.com/wind_turbine_industry.php,http://inductoheat.com/blog/product_categories/inductoheat/,
http://www.inductoheat.com/?2010/,http://inductoheat.com/,
http://www.inductoheat.com/?to/,http://inductoheat.com/,
http://www.inductoheat.com/3rd-induction-heating-seminar-in-mexico.php,http://inductoheat.com/blog/events/heat-treat-mexico-advanced-thermal-processing-technology-conference-expo/,
http://www.inductoheat.com/about-inductoheat.php,http://inductoheat.com/inductoheat-company-information/,
http://www.inductoheat.com/aeronautics-industry.php,http://inductoheat.com/,
http://www.inductoheat.com/aftermarket-coil-and-tooling-department.php,http://inductoheat.com/,
http://www.inductoheat.com/aftermarket-personnel.php,http://inductoheat.com/,
http://www.inductoheat.com/aftermarket-spare-parts.php,http://inductoheat.com/spare-parts/,
http://www.inductoheat.com/aftermarket-support-and-service.php,http://inductoheat.com/,
http://www.inductoheat.com/articles.asp,http://inductoheat.com/,
http://www.inductoheat.com/articles.asp?p=3,http://inductoheat.com/,
http://www.inductoheat.com/articles.asp?p=4,http://inductoheat.com/,
http://www.inductoheat.com/articles.asp?p=5,http://inductoheat.com/,
http://www.inductoheat.com/articles.asp?p=6,http://inductoheat.com/,
http://www.inductoheat.com/articles.asp?p=7,http://inductoheat.com/,
http://www.inductoheat.com/articles.asp?p=8,http://inductoheat.com/,
http://www.inductoheat.com/articles.asp?p=9,http://inductoheat.com/,
http://www.inductoheat.com/articles.php,http://inductoheat.com/,
http://www.inductoheat.com/articles.php?page=1,http://inductoheat.com/,
http://www.inductoheat.com/articles.php?page=10,http://inductoheat.com/,
http://www.inductoheat.com/articles.php?page=11,http://inductoheat.com/,
http://www.inductoheat.com/articles.php?page=12,http://inductoheat.com/,
http://www.inductoheat.com/articles.php?page=13,http://inductoheat.com/,
http://www.inductoheat.com/articles.php?page=14,http://inductoheat.com/,
http://www.inductoheat.com/articles.php?page=15,http://inductoheat.com/,
http://www.inductoheat.com/articles.php?page=16,http://inductoheat.com/,
http://www.inductoheat.com/articles.php?page=17,http://inductoheat.com/,
http://www.inductoheat.com/articles.php?page=2,http://inductoheat.com/,
http://www.inductoheat.com/articles.php?page=3,http://inductoheat.com/,
http://www.inductoheat.com/articles.php?page=4,http://inductoheat.com/,
http://www.inductoheat.com/articles.php?page=5,http://inductoheat.com/,
http://www.inductoheat.com/articles.php?page=6,http://inductoheat.com/,
http://www.inductoheat.com/articles.php?page=7,http://inductoheat.com/,
http://www.inductoheat.com/articles.php?page=8,http://inductoheat.com/,
http://www.inductoheat.com/articles.php?page=9,http://inductoheat.com/,
http://www.inductoheat.com/articlesabstract.asp?id=1,http://inductoheat.com/,
http://www.inductoheat.com/articlesabstract.asp?id=10,http://inductoheat.com/,
http://www.inductoheat.com/articlesabstract.asp?id=11,http://inductoheat.com/,
http://www.inductoheat.com/articlesabstract.asp?id=12,http://inductoheat.com/,
http://www.inductoheat.com/articlesabstract.asp?id=13,http://inductoheat.com/,
http://www.inductoheat.com/articlesabstract.asp?id=14,http://inductoheat.com/,
http://www.inductoheat.com/articlesabstract.asp?id=15,http://inductoheat.com/,
http://www.inductoheat.com/articlesabstract.asp?id=16,http://inductoheat.com/,
http://www.inductoheat.com/articlesabstract.asp?id=17,http://inductoheat.com/,
http://www.inductoheat.com/articlesabstract.asp?id=18,http://inductoheat.com/,
http://www.inductoheat.com/articlesabstract.asp?id=19,http://inductoheat.com/,
http://www.inductoheat.com/articlesabstract.asp?id=20,http://inductoheat.com/,
http://www.inductoheat.com/articlesabstract.asp?id=21,http://inductoheat.com/,
http://www.inductoheat.com/articlesabstract.asp?id=22,http://inductoheat.com/,
http://www.inductoheat.com/articlesabstract.asp?id=23,http://inductoheat.com/,
http://www.inductoheat.com/articlesabstract.asp?id=24,http://inductoheat.com/,
http://www.inductoheat.com/articlesabstract.asp?id=25,http://inductoheat.com/,
http://www.inductoheat.com/articlesabstract.asp?id=26,http://inductoheat.com/,
http://www.inductoheat.com/articlesabstract.asp?id=27,http://inductoheat.com/,
http://www.inductoheat.com/articlesabstract.asp?id=28,http://inductoheat.com/,
http://www.inductoheat.com/articlesabstract.asp?id=30,http://inductoheat.com/,
http://www.inductoheat.com/articlesabstract.asp?id=31,http://inductoheat.com/,
http://www.inductoheat.com/articlesabstract.asp?id=32,http://inductoheat.com/,
http://www.inductoheat.com/articlesabstract.asp?id=33,http://inductoheat.com/,
http://www.inductoheat.com/articlesabstract.asp?id=35,http://inductoheat.com/,
http://www.inductoheat.com/articlesabstract.asp?id=36,http://inductoheat.com/,
http://www.inductoheat.com/articlesabstract.asp?id=37,http://inductoheat.com/,
http://www.inductoheat.com/articlesabstract.asp?id=38,http://inductoheat.com/,
http://www.inductoheat.com/articlesabstract.asp?id=39,http://inductoheat.com/,
http://www.inductoheat.com/articlesabstract.asp?id=40,http://inductoheat.com/,
http://www.inductoheat.com/articlesabstract.asp?id=41,http://inductoheat.com/,
http://www.inductoheat.com/articlesabstract.asp?id=42,http://inductoheat.com/,
http://www.inductoheat.com/articlesabstract.asp?id=43,http://inductoheat.com/,
http://www.inductoheat.com/articlesabstract.asp?id=44,http://inductoheat.com/,
http://www.inductoheat.com/articlesabstract.asp?id=45,http://inductoheat.com/,
http://www.inductoheat.com/articlesabstract.asp?id=46,http://inductoheat.com/,
http://www.inductoheat.com/articlesabstract.asp?id=47,http://inductoheat.com/,
http://www.inductoheat.com/articlesabstract.asp?id=48,http://inductoheat.com/,
http://www.inductoheat.com/articlesabstract.asp?id=49,http://inductoheat.com/,
http://www.inductoheat.com/articlesabstract.asp?id=50,http://inductoheat.com/,
http://www.inductoheat.com/articlesabstract.asp?id=52,http://inductoheat.com/,
http://www.inductoheat.com/articlesabstract.asp?id=53,http://inductoheat.com/,
http://www.inductoheat.com/articlesabstract.asp?id=57,http://inductoheat.com/,
http://www.inductoheat.com/articlesabstract.asp?id=59,http://inductoheat.com/,
http://www.inductoheat.com/articlesabstract.asp?id=60,http://inductoheat.com/,
http://www.inductoheat.com/articlesabstract.asp?id=61,http://inductoheat.com/,
http://www.inductoheat.com/articlesabstract.asp?id=62,http://inductoheat.com/,
http://www.inductoheat.com/articlesabstract.asp?id=63,http://inductoheat.com/,
http://www.inductoheat.com/articlesabstract.asp?id=64,http://inductoheat.com/,
http://www.inductoheat.com/articlesabstract.asp?id=65,http://inductoheat.com/,
http://www.inductoheat.com/articlesabstract.asp?id=66,http://inductoheat.com/,
http://www.inductoheat.com/articlesabstract.asp?id=67,http://inductoheat.com/,
http://www.inductoheat.com/articlesabstract.asp?id=68,http://inductoheat.com/,
http://www.inductoheat.com/articlesabstract.asp?id=69,http://inductoheat.com/,
http://www.inductoheat.com/articlesabstract.asp?id=7,http://inductoheat.com/,
http://www.inductoheat.com/articlesabstract.asp?id=74,http://inductoheat.com/,
http://www.inductoheat.com/articlesabstract.asp?id=75,http://inductoheat.com/,
http://www.inductoheat.com/articlesabstract.asp?id=76,http://inductoheat.com/,
http://www.inductoheat.com/articlesabstract.asp?id=77,http://inductoheat.com/,
http://www.inductoheat.com/articlesabstract.asp?id=78,http://inductoheat.com/,
http://www.inductoheat.com/articlesabstract.asp?id=8,http://inductoheat.com/,
http://www.inductoheat.com/articlesabstract.asp?id=83,http://inductoheat.com/,
http://www.inductoheat.com/articlesabstract.asp?id=84,http://inductoheat.com/,
http://www.inductoheat.com/articlesabstract.asp?id=87,http://inductoheat.com/,
http://www.inductoheat.com/articlesabstract.asp?id=9,http://inductoheat.com/,
http://www.inductoheat.com/articlesabstract.asp?id=93,http://inductoheat.com/,
http://www.inductoheat.com/articlesabstract.asp?id=97,http://inductoheat.com/,
http://www.inductoheat.com/automotive-industry.php,http://inductoheat.com/,
http://www.inductoheat.com/billet-articles.php,http://inductoheat.com/blog/products/inductoforge-induction-billet-heating-systems-for-forging/,
http://www.inductoheat.com/billet-articles.php?page=1,http://inductoheat.com/blog/products/inductoforge-induction-billet-heating-systems-for-forging/,
http://www.inductoheat.com/billet-articles.php?page=2,http://inductoheat.com/blog/products/inductoforge-induction-billet-heating-systems-for-forging/,
http://www.inductoheat.com/billet-articles.php?page=3,http://inductoheat.com/blog/products/inductoforge-induction-billet-heating-systems-for-forging/,
http://www.inductoheat.com/billet-articles.php?page=4,http://inductoheat.com/blog/products/inductoforge-induction-billet-heating-systems-for-forging/,
http://www.inductoheat.com/billet-articles.php?page=5,http://inductoheat.com/blog/products/inductoforge-induction-billet-heating-systems-for-forging/,
http://www.inductoheat.com/billet-articles.php?page=6,http://inductoheat.com/blog/products/inductoforge-induction-billet-heating-systems-for-forging/,
http://www.inductoheat.com/bus-and-truck.php,http://inductoheat.com/,
http://www.inductoheat.com/careers.php,http://inductoheat.com/,
http://www.inductoheat.com/cb_expertise.asp,http://inductoheat.com/,
http://www.inductoheat.com/computer-modeling-articles.php,http://inductoheat.com/computer-modeling/,
http://www.inductoheat.com/computer-modeling-articles.php?page=1,http://inductoheat.com/computer-modeling/,
http://www.inductoheat.com/computer-modeling-articles.php?page=2,http://inductoheat.com/computer-modeling/,
http://www.inductoheat.com/computer-modeling-articles.php?page=3,http://inductoheat.com/computer-modeling/,
http://www.inductoheat.com/computer-modeling-articles.php?page=4,http://inductoheat.com/computer-modeling/,
http://www.inductoheat.com/computer-modeling-articles.php?page=5,http://inductoheat.com/computer-modeling/,
http://www.inductoheat.com/contact-us.php,http://inductoheat.com/contact-us/,
http://www.inductoheat.com/crankpro-induction-hardening-system.php,http://inductoheat.com/blog/products/crankpro-non-rotational-induction-heat-treating-for-crankshafts/,
http://www.inductoheat.com/css/global.css,http://inductoheat.com/contact-us/,
http://www.inductoheat.com/cu-canada.php,http://inductoheat.com/contact-us/,
http://www.inductoheat.com/cu-florida.php,http://inductoheat.com/contact-us/,
http://www.inductoheat.com/cu-indiana.php,http://inductoheat.com/contact-us/,
http://www.inductoheat.com/cu-mexico.php,http://inductoheat.com/contact-us/,
http://www.inductoheat.com/cu-michigan.php,http://inductoheat.com/contact-us/,
http://www.inductoheat.com/cu-michmetro.php,http://inductoheat.com/contact-us/,
http://www.inductoheat.com/cu-midwest.php,http://inductoheat.com/contact-us/,
http://www.inductoheat.com/cu-northcentral.php,http://inductoheat.com/contact-us/,
http://www.inductoheat.com/cu-northeast.php,http://inductoheat.com/contact-us/,
http://www.inductoheat.com/cu-northwest.php,http://inductoheat.com/contact-us/,
http://www.inductoheat.com/cu-ohio.php,http://inductoheat.com/contact-us/,
http://www.inductoheat.com/cu-ont.php,http://inductoheat.com/contact-us/,
http://www.inductoheat.com/cu-scal.php,http://inductoheat.com/contact-us/,
http://www.inductoheat.com/cu-southcentral.php,http://inductoheat.com/contact-us/,
http://www.inductoheat.com/cu-southeast.php,http://inductoheat.com/contact-us/,
http://www.inductoheat.com/cu-southwest.php,http://inductoheat.com/contact-us/,
http://www.inductoheat.com/customized-4-megawatt.php,http://inductoheat.com/,
http://www.inductoheat.com/email-alert.php,http://inductoheat.com/contact-us/,
http://www.inductoheat.com/es/calentamiento-por-induccion.php,http://inductoheat.com/contact-us/,
http://www.inductoheat.com/es/calentamiento-por-induccion-baja-frecuencia.php,http://inductoheat.com/contact-us/,
http://www.inductoheat.com/es/contactenos.php,http://inductoheat.com/contact-us/,
http://www.inductoheat.com/es/eventos.php,http://inductoheat.com/contact-us/,
http://www.inductoheat.com/es/grupo-inductotherm.php,http://inductoheat.com/contact-us/,
http://www.inductoheat.com/es/index.php,http://inductoheat.com/contact-us/,
http://www.inductoheat.com/es/poder-para-induccion.php,http://inductoheat.com/contact-us/,
http://www.inductoheat.com/es/productos.php,http://inductoheat.com/contact-us/,
http://www.inductoheat.com/es/servicios.php,http://inductoheat.com/contact-us/,
http://www.inductoheat.com/es/tratamiento-termico.php,http://inductoheat.com/contact-us/,
http://www.inductoheat.com/events.php,http://inductoheat.com/blog/events/,
http://www.inductoheat.com/extensive-training-courses-for-the-operation-maintenance-and-troubleshooting-of-inductoheat-solid-state-power-supplies.php,http://inductoheat.com/,
http://www.inductoheat.com/general-industry.php,http://inductoheat.com/,
http://www.inductoheat.com/hand-and-mining-tools.php,http://inductoheat.com/,
http://www.inductoheat.com/henry-m-rowan-presented-with-the-union-leagues-founders-award-for-business-leadership.php,http://inductoheat.com/,
http://www.inductoheat.com/imhd.html,http://inductoheat.com/,
http://www.inductoheat.com/inc/accountmanager/about.cfm,http://inductoheat.com/,
http://www.inductoheat.com/inc/accountmanager/companyprofile.cfm,http://inductoheat.com/,
http://www.inductoheat.com/inc/accountmanager/viewInfo.cfm?CompanyID=10,http://inductoheat.com/,
http://www.inductoheat.com/inc/accountmanager/viewInfo.cfm?CompanyID=12,http://inductoheat.com/,
http://www.inductoheat.com/inc/accountmanager/viewInfo.cfm?CompanyID=13,http://inductoheat.com/,
http://www.inductoheat.com/inc/accountmanager/viewInfo.cfm?CompanyID=14,http://inductoheat.com/,
http://www.inductoheat.com/inc/accountmanager/viewInfo.cfm?CompanyID=15,http://inductoheat.com/,
http://www.inductoheat.com/inc/accountmanager/viewInfo.cfm?CompanyID=30,http://inductoheat.com/,
http://www.inductoheat.com/inc/accountmanager/viewInfo.cfm?CompanyID=32,http://inductoheat.com/,
http://www.inductoheat.com/inc/accountmanager/viewInfo.cfm?CompanyID=33,http://inductoheat.com/,
http://www.inductoheat.com/inc/accountmanager/viewInfo.cfm?CompanyID=34,http://inductoheat.com/,
http://www.inductoheat.com/inc/accountmanager/viewInfo.cfm?CompanyID=39,http://inductoheat.com/,
http://www.inductoheat.com/inc/accountmanager/viewInfo.cfm?CompanyID=42,http://inductoheat.com/,
http://www.inductoheat.com/inc/accountmanager/viewInfo.cfm?CompanyID=43,http://inductoheat.com/,
http://www.inductoheat.com/inc/accountmanager/viewInfo.cfm?CompanyID=44,http://inductoheat.com/,
http://www.inductoheat.com/inc/accountmanager/viewInfo.cfm?CompanyID=45,http://inductoheat.com/,
http://www.inductoheat.com/inc/accountmanager/viewInfo.cfm?CompanyID=46,http://inductoheat.com/,
http://www.inductoheat.com/inc/accountmanager/viewInfo.cfm?CompanyID=47,http://inductoheat.com/,
http://www.inductoheat.com/inc/accountmanager/viewInfo.cfm?CompanyID=48,http://inductoheat.com/,
http://www.inductoheat.com/inc/accountmanager/viewInfo.cfm?CompanyID=49,http://inductoheat.com/,
http://www.inductoheat.com/inc/accountmanager/viewInfo.cfm?CompanyID=9,http://inductoheat.com/,
http://www.inductoheat.com/inc/articles/,http://inductoheat.com/blog/article,
http://www.inductoheat.com/inc/index.cfm,http://inductoheat.com/,
http://www.inductoheat.com/inc/news/,http://inductoheat.com/blog/article,
http://www.inductoheat.com/inc/news/index.cfm,http://inductoheat.com/blog/article,
http://www.inductoheat.com/inc/news/latest_events/viewbycate.cfm?CategoryID=11,http://inductoheat.com/blog/article,
http://www.inductoheat.com/inc/news/latest_events/viewbycate.cfm?CategoryID=6,http://inductoheat.com/blog/article,
http://www.inductoheat.com/inc/news/latest_events/viewbycate.cfm?CategoryID=7,http://inductoheat.com/blog/article,
http://www.inductoheat.com/inc/news/latest_events/viewbycate.cfm?CategoryID=8,http://inductoheat.com/blog/article,
http://www.inductoheat.com/inc/news/latest_events/viewbycate.cfm?CategoryID=9,http://inductoheat.com/blog/article,
http://www.inductoheat.com/inc/news/press_releases/modify.cfm,http://inductoheat.com/blog/article,
http://www.inductoheat.com/inc/news/press_releases/view.cfm?PressID=12,http://inductoheat.com/blog/article,
http://www.inductoheat.com/inc/news/press_releases/view.cfm?PressID=13,http://inductoheat.com/blog/article,
http://www.inductoheat.com/inc/news/press_releases/view.cfm?PressID=29,http://inductoheat.com/blog/article,
http://www.inductoheat.com/inc/news/press_releases/view.cfm?PressID=40,http://inductoheat.com/blog/article,
http://www.inductoheat.com/inc/parts/,http://inductoheat.com/spare-parts/,
http://www.inductoheat.com/inc/Products/productkinds.cfm?getService=yes,http://inductoheat.com/products,
http://www.inductoheat.com/inc/Products/view.cfm?ProductID=100&CompID=9&CategID=1,http://inductoheat.com/products,
http://www.inductoheat.com/inc/Products/view.cfm?ProductID=101&CompID=9&CategID=4,http://inductoheat.com/products,
http://www.inductoheat.com/inc/Products/view.cfm?ProductID=102&CompID=9&CategID=1,http://inductoheat.com/products,
http://www.inductoheat.com/inc/Products/view.cfm?ProductID=103&CompID=9&CategID=5,http://inductoheat.com/products,
http://www.inductoheat.com/inc/Products/view.cfm?ProductID=105&CompID=9&CategID=1,http://inductoheat.com/products,
http://www.inductoheat.com/inc/Products/view.cfm?ProductID=106&CompID=32&CategID=2,http://inductoheat.com/products,
http://www.inductoheat.com/inc/Products/view.cfm?ProductID=124&CompID=9&CategID=1,http://inductoheat.com/products,
http://www.inductoheat.com/inc/Products/view.cfm?ProductID=197&CompID=9&CategID=5,http://inductoheat.com/products,
http://www.inductoheat.com/inc/products/view.cfm?ProductID=4047&CompID=9,http://inductoheat.com/products,
http://www.inductoheat.com/inc/products/view.cfm?ProductID=4047&CompID=9&CategID=1,http://inductoheat.com/products,
http://www.inductoheat.com/inc/Products/view.cfm?ProductID=4197&CompID=9&CategID=4,http://inductoheat.com/products,
http://www.inductoheat.com/inc/Products/view.cfm?ProductID=4507&CompID=32&CategID=2,http://inductoheat.com/products,
http://www.inductoheat.com/inc/Products/view.cfm?ProductID=75&CompID=9&CategID=1,http://inductoheat.com/products,
http://www.inductoheat.com/inc/Products/view.cfm?ProductID=77&CompID=9&CategID=1,http://inductoheat.com/products,
http://www.inductoheat.com/inc/Products/view.cfm?ProductID=78&CompID=9&CategID=1,http://inductoheat.com/products,
http://www.inductoheat.com/inc/Products/view.cfm?ProductID=80&CompID=9&CategID=4,http://inductoheat.com/products,
http://www.inductoheat.com/inc/Products/view.cfm?ProductID=81&CompID=9&CategID=1,http://inductoheat.com/products,
http://www.inductoheat.com/inc/Products/view.cfm?ProductID=83&CompID=9&CategID=4,http://inductoheat.com/products,
http://www.inductoheat.com/inc/Products/view.cfm?ProductID=84&CompID=9&CategID=4,http://inductoheat.com/products,
http://www.inductoheat.com/inc/Products/view.cfm?ProductID=94&CompID=9&CategID=1,http://inductoheat.com/products,
http://www.inductoheat.com/inc/Products/view.cfm?ProductID=96&CompID=9&CategID=1,http://inductoheat.com/products,
http://www.inductoheat.com/inc/Products/view.cfm?ProductID=97&CompID=32&CategID=2,http://inductoheat.com/products,
http://www.inductoheat.com/inc/Products/view.cfm?ProductID=98&CompID=9&CategID=4,http://inductoheat.com/products,
http://www.inductoheat.com/inc/Products/view.cfm?ProductID=99&CompID=32&CategID=2,http://inductoheat.com/products,
http://www.inductoheat.com/inc/sales/sales.cfm,http://inductoheat.com/contact-us/,
http://www.inductoheat.com/index.php,http://inductoheat.com/,
http://www.inductoheat.com/induction-60hz-equip.php,http://inductoheat.com/custom-induction-applications/,
http://www.inductoheat.com/induction-applications.php,http://inductoheat.com/custom-induction-applications/,
http://www.inductoheat.com/induction-customized-application.php,http://inductoheat.com/custom-induction-applications/,
http://www.inductoheat.com/induction-forge-heating.php,http://inductoheat.com/custom-induction-applications/,
http://www.inductoheat.com/induction-forge-heating-applications.php,http://inductoheat.com/induction-forge-heating/,
http://www.inductoheat.com/induction-forge-heating-equipment.php,http://inductoheat.com/induction-forge-heating/,
http://www.inductoheat.com/induction-hardening-articles.php,http://inductoheat.com/blog/category/technical-articles/induction-hardening/,
http://www.inductoheat.com/induction-hardening-articles.php?page=1,http://inductoheat.com/blog/category/technical-articles/induction-hardening/,
http://www.inductoheat.com/induction-hardening-articles.php?page=10,http://inductoheat.com/blog/category/technical-articles/induction-hardening/,
http://www.inductoheat.com/induction-hardening-articles.php?page=2,http://inductoheat.com/blog/category/technical-articles/induction-hardening/,
http://www.inductoheat.com/induction-hardening-articles.php?page=3,http://inductoheat.com/blog/category/technical-articles/induction-hardening/,
http://www.inductoheat.com/induction-hardening-articles.php?page=4,http://inductoheat.com/blog/category/technical-articles/induction-hardening/,
http://www.inductoheat.com/induction-hardening-articles.php?page=5,http://inductoheat.com/blog/category/technical-articles/induction-hardening/,
http://www.inductoheat.com/induction-hardening-articles.php?page=6,http://inductoheat.com/blog/category/technical-articles/induction-hardening/,
http://www.inductoheat.com/induction-hardening-articles.php?page=7,http://inductoheat.com/blog/category/technical-articles/induction-hardening/,
http://www.inductoheat.com/induction-hardening-articles.php?page=8,http://inductoheat.com/blog/category/technical-articles/induction-hardening/,
http://www.inductoheat.com/induction-hardening-articles.php?page=9,http://inductoheat.com/blog/category/technical-articles/induction-hardening/,
http://www.inductoheat.com/induction-hardening-tempering-system-for-driveline-components.php,http://inductoheat.com/,
http://www.inductoheat.com/induction-hardening-tempering-system-for-drivetrain-components.php,http://inductoheat.com/,
http://www.inductoheat.com/induction-heating-webinar.php,http://inductoheat.com/,
http://www.inductoheat.com/induction-heat-treating.php,http://inductoheat.com/induction-heating-applications/induction-heat-treating/,
http://www.inductoheat.com/induction-heat-treating-applications.php,http://inductoheat.com/induction-heating-applications/induction-heat-treating/,
http://www.inductoheat.com/induction-heat-treating-equipment.php,http://inductoheat.com/induction-heating-applications/induction-heat-treating/,
http://www.inductoheat.com/induction-heat-treating-equipment-2.php,http://inductoheat.com/induction-heating-applications/induction-heat-treating/,
http://www.inductoheat.com/induction-low-frequency-heating.php,http://inductoheat.com/induction-low-frequency-heating/,
http://www.inductoheat.com/induction-low-frequency-heating-applications.php,http://inductoheat.com/induction-low-frequency-heating/,
http://www.inductoheat.com/induction-power-supplies.php,http://inductoheat.com/induction-power-supply-training/,
http://www.inductoheat.com/induction-tempering-articles.php,http://inductoheat.com/,
http://www.inductoheat.com/induction-tempering-articles.php?page=2,http://inductoheat.com/,
http://www.inductoheat.com/induction-tube-and-pipe-heating.php,http://inductoheat.com/induction-tube-pipe-heating/,
http://www.inductoheat.com/induction-tube-and-pipe-heating-applications.php,http://inductoheat.com/induction-tube-pipe-heating/,
http://www.inductoheat.com/induction-tube-and-pipe-heating-equipment.php,http://inductoheat.com/induction-tube-pipe-heating/,
http://www.inductoheat.com/inductoforge-modular-induction-heating-system.php,http://inductoheat.com/blog/events,
http://www.inductoheat.com/inductoheart-inc-ships-billet-heating-system-for-upset-forging.php,http://inductoheat.com/blog/events,
http://www.inductoheat.com/inductoheat-inc-launches-new-technical-articles-page-on-website.php,http://inductoheat.com/blog/events,
http://www.inductoheat.com/inductoheat-inc-receives-iso-90012008-certification.php,http://inductoheat.com/blog/events,
http://www.inductoheat.com/inductoheat-inc-ships-billet-heating-system-for-upset-forging.php,http://inductoheat.com/blog/events,
http://www.inductoheat.com/inductoheat-inc-ships-induction-billet-heating-system-to-supplier-of-hand-tools.php,http://inductoheat.com/blog/events,
http://www.inductoheat.com/inductoheat-inc-ships-induction-hardening-system-for-balance-shafts.php,http://inductoheat.com/blog/events,
http://www.inductoheat.com/inductoheat-inc-ships-induction-heating-shrink-fit-system-for-motor-rotors.php,http://inductoheat.com/blog/events,
http://www.inductoheat.com/inductoheat-inc-ships-inductoforge-billet-heating-system-forgin-line.php,http://inductoheat.com/blog/events,
http://www.inductoheat.com/inductoheat-inc-ships-three-customized-statiscan.php,http://inductoheat.com/blog/events,
http://www.inductoheat.com/InductoheatOpenHouse.pdf,http://inductoheat.com/,
http://www.inductoheat.com/inductoheats-solutions-for-typical-induction-heating-problems-webinar-a-great-success.php,http://inductoheat.com/blog/2014/12/free-webinar-solving-everyday-challenges-in-induction-heating-heat-treating-using-computer-simulation/,
http://www.inductoheat.com/inductoscan-modular-induction-heating-system.php,http://inductoheat.com/blog/category/inductoforge-2/inductoforge-modular-bar-heating-systems/,
http://www.inductoheat.com/inductotherm-group-add-clinton-machine.php,http://inductoheat.com/blog/article/inductotherm-group-to-add-clinton-machine-to-group-family-rancocas-nj/,
http://www.inductoheat.com/inductotherm-group-proclaims-thermaprocess-gifa-2011-success.php,http://inductoheat.com/blog/events,
http://www.inductoheat.com/inductotherm-group-worldwide.php,http://inductoheat.com/,
http://www.inductoheat.com/industries-that-benefit.php,http://inductoheat.com/,
http://www.inductoheat.com/industries-that-benefit-2.php,http://inductoheat.com/,
http://www.inductoheat.com/iross-fluxmanager-pipeend-heating.php,http://inductoheat.com/blog/product_categories/iross/,
http://www.inductoheat.com/iross-induction-power-supply.php,http://inductoheat.com/blog/product_categories/iross/,
http://www.inductoheat.com/joining-articles.php,http://inductoheat.com/,
http://www.inductoheat.com/l_home.asp,http://inductoheat.com/,
http://www.inductoheat.com/l_home.asp?type=3,http://inductoheat.com/,
http://www.inductoheat.com/links.asp,http://inductoheat.com/,
http://www.inductoheat.com/literature.php,http://inductoheat.com/,
http://www.inductoheat.com/literature/inductoforge/modular-induction-billet-heaters.pdf,http://inductoheat.com/,
http://www.inductoheat.com/literature/inductoforge/Thumbs.db,http://inductoheat.com/,
http://www.inductoheat.com/literature/inductoforge/Tractor%20infeed%20Drive%20Options.pdf,http://inductoheat.com/,
http://www.inductoheat.com/literature/iross/Thumbs.db,http://inductoheat.com/blog/product_categories/iross/,
http://www.inductoheat.com/literature/misc_products/IHEAT-AppNote-LargeGear-2.pdf,http://inductoheat.com/,
http://www.inductoheat.com/literature/power-supplies/Thumbs.db,http://inductoheat.com/blog/category/power-supplies/,
http://www.inductoheat.com/literature/scanning-systems/HT%2063-MicroScan%20Rev%202%20(REDUCED).pdf,http://inductoheat.com/blog/products/inductoscan-induction-scanning-system/,
http://www.inductoheat.com/literature/scanning-systems/InductoScan-Modular%20Billet%20Heater.pdf,http://inductoheat.com/blog/products/inductoscan-induction-scanning-system/,
http://www.inductoheat.com/long-lasting-inductor-articles.php,http://inductoheat.com/,
http://www.inductoheat.com/long-lasting-inductor-articles.php?page=1,http://inductoheat.com/,
http://www.inductoheat.com/long-lasting-inductor-articles.php?page=2,http://inductoheat.com/,
http://www.inductoheat.com/long-lasting-inductor-articles.php?page=3,http://inductoheat.com/,
http://www.inductoheat.com/long-lasting-inductor-articles.php?page=4,http://inductoheat.com/,
http://www.inductoheat.com/magnetic-flux-articles.php,http://inductoheat.com/,
http://www.inductoheat.com/magnetic-flux-articles.php?page=1,http://inductoheat.com/,
http://www.inductoheat.com/magnetic-flux-articles.php?page=2,http://inductoheat.com/,
http://www.inductoheat.com/marine-industry.php,http://inductoheat.com/,
http://www.inductoheat.com/metallurgical-articles.php,http://inductoheat.com/,
http://www.inductoheat.com/metallurgical-articles.php?page=1,http://inductoheat.com/,
http://www.inductoheat.com/metallurgical-articles.php?page=2,http://inductoheat.com/,
http://www.inductoheat.com/metallurgical-articles.php?page=3,http://inductoheat.com/,
http://www.inductoheat.com/metallurgical-articles.php?page=4,http://inductoheat.com/,
http://www.inductoheat.com/metallurgicallab.asp,http://inductoheat.com/,
http://www.inductoheat.com/metallurgical-laboratory.php,http://inductoheat.com/,
http://www.inductoheat.com/new-process-metallurgist-laboratory-supervisor-at-inductoheat-inc.php,http://inductoheat.com/blog/events/,
http://www.inductoheat.com/news.php,http://inductoheat.com/blog/events/,
http://www.inductoheat.com/new-ship-fully-automated-heat-treatment.php,http://inductoheat.com/blog/events/,
http://www.inductoheat.com/new-single-coil-dual-frequency-induction-hardening-system-for-gears.php,http://inductoheat.com/,
http://www.inductoheat.com/new-vp-oem-sales.php,http://inductoheat.com/blog/article/new-vp-of-oem-sales-at-inductoheat-inc/,
http://www.inductoheat.com/new-vp-of-heat-treating-at-inductoheat.php,http://consarceng.com/blog/article,
http://www.inductoheat.com/octg.php,http://inductoheat.com/,
http://www.inductoheat.com/off-road-vehicles.php,http://inductoheat.com/,
http://www.inductoheat.com/p_home.asp,http://inductoheat.com/,
http://www.inductoheat.com/pa_home.asp,http://inductoheat.com/,
http://www.inductoheat.com/pdf/104.pdf,http://inductoheat.com/,
http://www.inductoheat.com/pdf/106.pdf,http://inductoheat.com/,
http://www.inductoheat.com/pdf/115.pdfна,http://inductoheat.com/,
http://www.inductoheat.com/pdf/116.pdf,http://inductoheat.com/,
http://www.inductoheat.com/pdf/117.pdf,http://inductoheat.com/,
http://www.inductoheat.com/pdf/119,http://inductoheat.com/,
http://www.inductoheat.com/pdf/120.pdf,http://inductoheat.com/,
http://www.inductoheat.com/pdf/122.pdf,http://inductoheat.com/,
http://www.inductoheat.com/pdf/123.pdf,http://inductoheat.com/,
http://www.inductoheat.com/pdf/125.pdf,http://inductoheat.com/,
http://www.inductoheat.com/pdf/126.pdf,http://inductoheat.com/,
http://www.inductoheat.com/pdf/129.pdf,http://inductoheat.com/,
http://www.inductoheat.com/pdf/130.pdf,http://inductoheat.com/,
http://www.inductoheat.com/pdf/131.pdf,http://inductoheat.com/,
http://www.inductoheat.com/pdf/132.pdf,http://inductoheat.com/,
http://www.inductoheat.com/pdf/133.pdf,http://inductoheat.com/,
http://www.inductoheat.com/pdf/134.pdf,http://inductoheat.com/,
http://www.inductoheat.com/pdf/135,http://inductoheat.com/,
http://www.inductoheat.com/pdf/135.pdf,http://inductoheat.com/,
http://www.inductoheat.com/pdf/136.pdf,http://inductoheat.com/,
http://www.inductoheat.com/pdf/137.pdf,http://inductoheat.com/,
http://www.inductoheat.com/pdf/138.pdf,http://inductoheat.com/,
http://www.inductoheat.com/pdf/139.pdf,http://inductoheat.com/,
http://www.inductoheat.com/pdf/140.pdf,http://inductoheat.com/,
http://www.inductoheat.com/pdf/47.pdf,http://inductoheat.com/,
http://www.inductoheat.com/pdf/54.pdf,http://inductoheat.com/,
http://www.inductoheat.com/pdf/57.pdf,http://inductoheat.com/,
http://www.inductoheat.com/pdf/64.pdf,http://inductoheat.com/,
http://www.inductoheat.com/pdf/65.pdf,http://inductoheat.com/,
http://www.inductoheat.com/pdf/71.pdf,http://inductoheat.com/,
http://www.inductoheat.com/pdf/79.pdf,http://inductoheat.com/,
http://www.inductoheat.com/pdf/96.pdf,http://inductoheat.com/,
http://www.inductoheat.com/pdf/97.pdf,http://inductoheat.com/,
http://www.inductoheat.com/pdf/Coil,http://inductoheat.com/,
http://www.inductoheat.com/pdf/Coil%20failure%20analysis_part%2013.pdf,http://inductoheat.com/,
http://www.inductoheat.com/pdf/Coil%20failure%20analysis_part%2014.pdf,http://inductoheat.com/,
http://www.inductoheat.com/pdf/Contour_Hardening_Bevel%20Hypoid%20and%20_Pinion%20gears_GearSolutions_Sept2011.pdf,http://inductoheat.com/,
http://www.inductoheat.com/pdf/ensuring-quality-of-inductively-heated-billets.pdf,http://inductoheat.com/,
http://www.inductoheat.com/pdf/IHT%20-%20Innovative%20Induction,http://inductoheat.com/,
http://www.inductoheat.com/pdf/IHT%20-%20Innovative%20Induction%5B1%5D.pdf,http://inductoheat.com/,
http://www.inductoheat.com/pdf/Induction%20hardening%20of%20gears%20and%20critical%20components_part_2.pdf,http://inductoheat.com/,
http://www.inductoheat.com/pdf/induction-heating-high-gear-wind-turbines.pdf,http://inductoheat.com/,
http://www.inductoheat.com/pdf/Innovative%20Induction%20Heat%20Treating%20Technologies.pdf,http://inductoheat.com/,
http://www.inductoheat.com/pdf/Intricaciesof-,http://inductoheat.com/,
http://www.inductoheat.com/pdf/Intricacies-of-Computer-Simulation-of-I,http://inductoheat.com/,
http://www.inductoheat.com/pdf/Intricacies-of-Computer-Simulation-of-Induction-Heating-,http://inductoheat.com/,
http://www.inductoheat.com/pdf/keyways-holes-1996.pdf,http://inductoheat.com/,
http://www.inductoheat.com/pdf/Metallurgical_insights_1.pdf,http://inductoheat.com/,
http://www.inductoheat.com/pdf/Metallurgical_insights_3.pdf,http://inductoheat.com/,
http://www.inductoheat.com/pdf/Metallurgical_insights_6.pdf,http://inductoheat.com/,
http://www.inductoheat.com/pdf/Metallurgical_insights_7.pdf,http://inductoheat.com/,
http://www.inductoheat.com/pdf/modernforgeshops_.pdf,http://inductoheat.com/,
http://www.inductoheat.com/pdf/qa-cracking-at-holes.pdf,http://inductoheat.com/,
http://www.inductoheat.com/pdf/qa-issues-rust-soft-spots.pdf,http://inductoheat.com/,
http://www.inductoheat.com/pdf/Recent-inductions-and-innovastions-innovations-in-induction-hardening-gears.pdf,http://inductoheat.com/,
http://www.inductoheat.com/pdf/simulteneous-dual-frequency_ih.pdf,http://inductoheat.com/,
http://www.inductoheat.com/pdf/Su,http://inductoheat.com/,
http://www.inductoheat.com/pdf/Successful,http://inductoheat.com/,
http://www.inductoheat.com/pdf/superior-induction-heating-with-computer-modeling.pdf,http://inductoheat.com/,
http://www.inductoheat.com/pdf/Taking-The-Crank-Out-of-Crankshaft-Hardening.pdf,http://inductoheat.com/,
http://www.inductoheat.com/pdf/Thumbs.db,http://inductoheat.com/,
http://www.inductoheat.com/pdf/Ti,http://inductoheat.com/,
http://www.inductoheat.com/pdf/Tips_for_Computer%20Modeling%20of%20Induction%20Heating%20Processes_Part%201.pdf,http://inductoheat.com/,
http://www.inductoheat.com/power-articles.php,http://inductoheat.com/induction-power-supply-training/,
http://www.inductoheat.com/power-articles.php?page=1,http://inductoheat.com/induction-power-supply-training/,
http://www.inductoheat.com/power-articles.php?page=2,http://inductoheat.com/induction-power-supply-training/,
http://www.inductoheat.com/products.php,http://inductoheat.com/products/,
http://www.inductoheat.com/ps_contacts.asp,http://inductoheat.com/contact/,
http://www.inductoheat.com/ps_parts.asp,http://inductoheat.com/spare-parts/,
http://www.inductoheat.com/ps_service.asp,http://inductoheat.com/aftermarket-service-request-form/,
http://www.inductoheat.com/quality.php,http://inductoheat.com/safety-and-quality/,
http://www.inductoheat.com/railroad-industry.php,http://inductoheat.com/,
http://www.inductoheat.com/request.php,http://inductoheat.com/request-a-quote/,
http://www.inductoheat.com/rma.php,http://inductoheat.com/,
http://www.inductoheat.com/safety.php,http://inductoheat.com/safety-and-quality/,
http://www.inductoheat.com/sitemap.php,http://inductoheat.com/,
http://www.inductoheat.com/statipower-hsps-induction-power-supply.php,http://inductoheat.com/blog/category/power-supplies/,
http://www.inductoheat.com/statipower-sp11-induction-power-supply.php,http://inductoheat.com/blog/products/statipower-sp11-radio-frequency-induction-power-supply/,
http://www.inductoheat.com/statipower-sp12-induction-power-supply.php,http://inductoheat.com/blog/products/statipower-sp12-transistorized-induction-power-supply/,
http://www.inductoheat.com/statipower-sp16-induction-power-supply.php,http://inductoheat.com/blog/products/statipower-sp16-transistorized-induction-power-supply/,
http://www.inductoheat.com/statipower-sp18-induction-power-supply.php,http://inductoheat.com/blog/products/statipower-sp18-transistorized-induction-power-supply/,
http://www.inductoheat.com/statipower-sp57-induction-power-supply.php,http://inductoheat.com/blog/products/statipower-sp5-solid-state-induction-heating-power-supply/,
http://www.inductoheat.com/statipower-sp6-induction-power-supply.php,http://inductoheat.com/blog/category/power-supplies/,
http://www.inductoheat.com/statiscan-induction-scanning-system.php,http://inductoheat.com/blog/product_categories/induction-scanning-systems/,
http://www.inductoheat.com/support-and-service.php,http://inductoheat.com/services/,
http://www.inductoheat.com/technicaladvice.asp,http://inductoheat.com/,
http://www.inductoheat.com/technical-advice.php,http://inductoheat.com/,
http://www.inductoheat.com/tube-pipe-articles.php,http://inductoheat.com/induction-tube-pipe-heating/,
http://www.inductoheat.com/tube-pipe-articles.php?page=1,http://inductoheat.com/induction-tube-pipe-heating/,
http://www.inductoheat.com/tube-pipe-articles.php?page=2,http://inductoheat.com/induction-tube-pipe-heating/,
http://www.inductoheat.com/unipower-up12-induction-power-supply.php,http://inductoheat.com/blog/products/unipower-up12-self-contained-induction-power-supply/,
http://www.inductoheat.com/uniscan-induction-hardening-system.php,http://inductoheat.com/blog/category/technical-articles/induction-hardening/,
http://www.inductoheat.com/user-terms.php,http://inductoheat.com/legal/,
http://www.inductoheat.com/vsm-induction-heating-system.php,http://inductoheat.com/,
http://www.inductoheat.com/wind_turbine_industry.php,http://inductoheat.com/,