http://clintonmachine.com/,http://clintonmachine.com/
http://clintonmachine.com/profile.htm,http://clintonmachine.com/company-information/
http://clintonmachine.com/services.htm,http://clintonmachine.com/products
http://clintonmachine.com/equipment1.htm,http://clintonmachine.com/
http://clintonmachine.com/contact.htm,http://clintonmachine.com/contact/
http://clintonmachine.com/location.htm,http://clintonmachine.com/
http://clintonmachine.com/Clinton+Machines/Design+and+Build/default.aspx,http://clintonmachine.com/
http://clintonmachine.com/Clinton+Machines/Custom+Build/default.aspx,http://clintonmachine.com/
http://clintonmachine.com/Clinton+Machines/Specialty+Markets/default.aspx,http://clintonmachine.com/
http://clintonmachine.com/Clinton+Machines/Business+Case+ROI/default.aspx,http://clintonmachine.com/
http://clintonmachine.com/Clinton+Machines/Clients/default.aspx,http://clintonmachine.com/processes/
http://clintonmachine.com/Clinton+Machines/About+Us/default.aspx,http://clintonmachine.com/company-information/
http://clintonmachine.com/Clinton+Machines/Contact+Us/default.aspx,http://clintonmachine.com/contact/
http://clintonmachine.com/Site+Map/default.aspx,http://clintonmachine.com/
