http://consarc.com/pages/vim.html,http://consarc.com/products
http://consarc.com/brochures/var.pdf,http://consarc.com/resources/
http://consarc.com/brochures/esr.pdf,http://consarc.com/resources/
http://consarc.com/pages/esr.html,http://consarc.com/products
http://consarc.com/brochures/vim.pdf,http://consarc.com/resources/
http://consarc.com/pages/deoiling.html,http://consarc.com/products
http://consarc.com/pages/var.html,http://consarc.com/products
http://consarc.com/brochures/ism.pdf,http://consarc.com/resources/
http://consarc.com/brochures/vpic.pdf,http://consarc.com/resources/
http://consarc.com/index.html,http://consarc.com/
http://consarc.com/pages/seminar_form.html,http://consarc.com/products
http://consarc.com/pages/heating.html,http://consarc.com/products
http://consarc.com/pages/custom.html,http://consarc.com/products
http://consarc.com/pages/news.html,http://consarc.com/blog/events/?old=
http://consarc.com/pages/ism.html,http://consarc.com/products
http://consarc.com/consarc-group.htm,http://consarc.com/products
http://consarc.com/pages/careers.html,http://consarc.com/
http://consarc.com/pages/offices.html,http://consarc.com/company-information/location/
http://consarc.com/products/heating.htm,http://consarc.com/products
http://consarc.com/pages/products.html,http://consarc.com/products
http://consarc.com/pages/events.html,http://consarc.com/blog/events/
http://consarc.com/brochures/vcap.pdf,http://consarc.com/resources/
http://consarc.com/employee/index.php,http://consarc.com/
http://consarc.com/pages/location.html,http://consarc.com/company-information/location/
http://consarc.com/pages/cust_survey.html,http://consarc.com/request-a-quote/
http://consarc.com/home.htm,http://consarc.com/
http://consarc.com/pages/brochures.html,http://consarc.com/resources/
http://consarc.com/pages/profile.html,http://consarc.com/company-information/
http://consarc.com/pages/sitemap.html,http://consarc.com/
http://consarc.com/pages/seminar.html,http://consarc.com/blog/events/
http://consarc.com/pages/,http://consarc.com/products
http://consarc.com/pages/silicon.html,http://consarc.com/products
http://consarc.com/pages/vpic.html,http://consarc.com/blog/product_categories/vacuum-precision-investment-casting-furnaces-vpic/
http://consarc.com/pages/employee/index.php,http://consarc.com/employee-information/
http://consarc.com/posters/webpostereng.pdf,http://consarc.com/resources/
http://consarc.com/posters/webposterspan.pdf,http://consarc.com/resources/
http://consarc.com/images/2014registration.pdf,http://consarc.com/resources/
http://consarc.com/pages/brazing.html,http://consarc.com/products
http://consarc.com/pages/_notes/,http://consarc.com/products
http://consarc.com/products/ism/ism.html,http://consarc.com/products
http://consarc.com/pages/submit.php,http://consarc.com/products
http://consarc.com/pages/vcap.html,http://consarc.com/products
http://consarc.com/pages/quality.html,http://consarc.com/products
http://consarc.com/pages/contact.html,http://consarc.com/contact/
http://consarc.com/pages/info_request.html,http://consarc.com/company-information/
http://consarc.com/pages/ivl.html,http://consarc.com/contact/
http://consarc.com/brochures/emcc.pdf,http://consarc.com/resources/
http://consarc.com/what-is-inductionWhat,http://consarc.com/what-is-induction/
http://consarc.com/blog/products/electrode-vim-furnacesElectrode,http://consarc.com/products
http://consarc.com/wp-admin/admin-ajax.php,http://consarc.com/
http://consarc.com/blog/category/inductotherm-3/induction-systems-for-vacuum-and-controlled-atmospheres-inductotherm-3/,http://consarc.com/products
http://consarc.com/blog/category/consarc-2/vcap/,http://consarc.com/blog/product_categories/vacuum-cap-furnaces-vcap/
http://consarc.com/blog/category/alpha-2/,http://consarc.com/products
http://consarc.com/blog/category/inductoscan-2/inductoscan-xl-modular-scanning-system/,http://consarc.com/products
http://consarc.com/xmlrpc.php,http://consarc.com/
http://consarc.com/home.shtml,http://consarc.com/
http://consarc.com/products/products.shtml,http://consarc.com/products
http://consarc.com/news/news.shtml,http://consarc.com/blog/events/?old=
http://consarc.com/news/aboutus.shtml,http://consarc.com/company-information/
http://consarc.com/news/legal.shtml,http://consarc.com/legal/
http://consarc.com/news/011298_2.shtml,http://consarc.com/blog/events/?old=
http://consarc.com/news/012398.shtml,http://consarc.com/blog/events/?old=
http://consarc.com/news/110198_1.shtml,http://consarc.com/blog/events/?old=
http://consarc.com/news/022897.shtml,http://consarc.com/blog/events/?old=
http://consarc.com/news/061797.shtml,http://consarc.com/blog/events/?old=
http://consarc.com/news/062097.shtml,http://consarc.com/blog/events/?old=
http://consarc.com/y2kdis.shtml,http://consarc.com/products
http://consarc.com/products/vim.shtml,http://consarc.com/products
http://consarc.com/products/var.shtml,http://consarc.com/products
http://consarc.com/products/vimpc.shtml,http://consarc.com/products
http://consarc.com/products/esr.shtml,http://consarc.com/products
http://consarc.com/products/ism.shtml,http://consarc.com/products
http://consarc.com/products/contact.shtml,http://consarc.com/request-a-quote/
http://consarc.com/home.shtml,http://consarc.com/
http://consarc.com/news/aboutus.shtml,http://consarc.com/blog/events/?old=
http://consarc.com/contact.shtml,http://consarc.com/request-a-quote/
http://consarc.com/FSR.php,http://consarc.com/
http://consarc.com/_vti_bin/shtml.exe/index.htm/map,http://consarc.com/
http://consarc.com/,http://consarc.com/
