http://emscouk.com/,http://emscouk.com/
http://emscouk.com/facilities.htm,http://emscouk.com/
http://emscouk.com/index.htm,http://emscouk.com/
http://emscouk.com/literature.htm,http://emscouk.com/
http://emscouk.com/contact.htm,http://emscouk.com/contact.htm
http://emscouk.com/pdfs/M08.pdf,http://emscouk.com/pdfs/M08.pdf
http://emscouk.com/pdfs/M01.pdf,http://emscouk.com/pdfs/M01.pdf
http://emscouk.com/pdfs/M02.pdf,http://emscouk.com/pdfs/M02.pdf
http://emscouk.com/pdfs/M04.pdf,http://emscouk.com/pdfs/M04.pdf
http://emscouk.com/pdfs/M03.pdf,http://emscouk.com/pdfs/M03.pdf
http://emscouk.com/pdfs/M05.pdf,http://emscouk.com/pdfs/M05.pdf
http://emscouk.com/pdfs/M07.pdf,http://emscouk.com/pdfs/M07.pdf
http://emscouk.com/pdfs/M06.pdf,http://emscouk.com/pdfs/M06.pdf
http://emscouk.com/pdfs/M19.pdf,http://emscouk.com/pdfs/M19.pdf
http://emscouk.com/pdfs/M15.pdf,http://emscouk.com/pdfs/M15.pdf
http://emscouk.com/pdfs/M16.pdf,http://emscouk.com/pdfs/M16.pdf
http://emscouk.com/pdfs/M22.pdf,http://emscouk.com/pdfs/M22.pdf
http://emscouk.com/pdfs/M20.pdf,http://emscouk.com/pdfs/M20.pdf
http://emscouk.com/pdfs/M14.pdf,http://emscouk.com/pdfs/M14.pdf
http://emscouk.com/pdfs/M13.pdf,http://emscouk.com/pdfs/M13.pdf
http://emscouk.com/pdfs/M21.pdf,http://emscouk.com/pdfs/M21.pdf
http://emscouk.com/pdfs/fast.pdf,http://emscouk.com/pdfs/fast.pdf
http://emscouk.com/pdfs/M23.pdf,http://emscouk.com/pdfs/M23.pdf
http://emscouk.com/pdfs/M24.pdf,http://emscouk.com/pdfs/M24.pdf
http://emscouk.com/pdfs/M25.pdf,http://emscouk.com/pdfs/M25.pdf
http://emscouk.com/pdfs/fast.pdf,http://emscouk.com/pdfs/fast.pdf
http://emscouk.com/pdfs/construction.pdf,http://emscouk.com/pdfs/construction.pdf
