http://inductojapan.com/ivl.htm,http://inductojapan.com/blog/product_categories/consarc-ja/
http://inductojapan.com/ism.htm,http://inductojapan.com/blog/product_categories/consarc-ja/
http://inductojapan.com/var.htm,http://inductojapan.com/blog/product_categories/consarc-ja/
http://inductojapan.com/top.html,http://inductojapan.com/
http://inductojapan.com/recruit.htm,http://inductojapan.com/
http://inductojapan.com/index.htm,http://inductojapan.com/
http://inductojapan.com/products.htm,http://inductojapan.com/products?lang=ja
http://inductojapan.com/melting.htm,http://inductojapan.com/products?lang=ja
http://inductojapan.com/meltingPS.htm,http://inductojapan.com/products?lang=ja
http://inductojapan.com/SpecialCoil.htm,http://inductojapan.com/products?lang=ja
http://inductojapan.com/automation.htm,http://inductojapan.com/products?lang=ja
http://inductojapan.com/computerSys.htm,http://inductojapan.com/products?lang=ja
http://inductojapan.com/autoPour.htm,http://inductojapan.com/products?lang=ja
http://inductojapan.com/holding.htm,http://inductojapan.com/products?lang=ja
http://inductojapan.com/handlingSys.htm,http://inductojapan.com/products?lang=ja
http://inductojapan.com/heating.htm,http://inductojapan.com/products?lang=ja
http://inductojapan.com/MassHeat.htm,http://inductojapan.com/products?lang=ja
http://inductojapan.com/Consarc.htm,http://inductojapan.com/blog/product_categories/consarc-ja/
http://inductojapan.com/var.htm,http://inductojapan.com/blog/product_categories/consarc-ja/
http://inductojapan.com/esr.htm,http://inductojapan.com/blog/product_categories/consarc-ja/
http://inductojapan.com/vim.htm,http://inductojapan.com/blog/product_categories/consarc-ja/
http://inductojapan.com/vpic.htm,http://inductojapan.com/blog/product_categories/consarc-ja/
http://inductojapan.com/ism.htm,http://inductojapan.com/blog/product_categories/consarc-ja/
http://inductojapan.com/ivl.htm,http://inductojapan.com/blog/product_categories/consarc-ja/
http://inductojapan.com/vacuumBrazing.htm,http://inductojapan.com/blog/product_categories/consarc-ja/
http://inductojapan.com/silicon.htm,http://inductojapan.com/blog/product_categories/consarc-ja/
http://inductojapan.com/Thermatool.htm,http://inductojapan.com/blog/product_categories/thermatool-ja/
http://inductojapan.com/service.htm,http://inductojapan.com/services/
http://inductojapan.com/safety.htm,http://inductojapan.com/services/
http://inductojapan.com/profile.htm,http://inductojapan.com/%E5%AE%89%E5%85%A8%E3%81%AB%E3%81%A4%E3%81%84%E3%81%A6/
http://inductojapan.com/news.htm,http://inductojapan.com/
http://inductojapan.com/access.htm,http://inductojapan.com/
http://inductojapan.com/contactUs.htm,http://inductojapan.com/contact/
http://inductojapan.com/terms.htm,http://inductojapan.com/%E5%88%A9%E7%94%A8%E8%A6%8F%E7%B4%84/
http://inductojapan.com/World.htm,http://inductojapan.com/
