http://inductoheat.eu/fileadmin/pdf/umrichter/IFP/statitron_iFP-2011-POL.pdf,http://inductoheat.eu/downloads/
http://inductoheat.eu/fileadmin/pdf/hwg/IG_Precious_Metals_Brochure_final.pdf,http://inductoheat.eu/downloads/
http://inductoheat.eu/fileadmin/pdf/Inductoscan/Inductoscan-d.pdf,http://inductoheat.eu/downloads/
http://inductoheat.eu/fileadmin/pdf/Was_ist_Induktion/was_ist_Induktion-FRA.pdf,http://inductoheat.eu/downloads/
http://inductoheat.eu/fileadmin/pdf/Inductoheat_Prospekte/was_ist_induktion_d.pdf,http://inductoheat.eu/downloads/
http://inductoheat.eu/,http://inductoheat.eu/
http://inductoheat.eu/index.php?id=125,http://inductoheat.eu/
http://inductoheat.eu/index.php?id=29,http://inductoheat.eu/
http://inductoheat.eu/index.php?id=7,http://inductoheat.eu/
http://inductoheat.eu/index.php?id=140,http://inductoheat.eu/
http://inductoheat.eu/index.php?id=9,http://inductoheat.eu/
http://inductoheat.eu/index.php?id=4,http://inductoheat.eu/
http://inductoheat.eu/index.php?id=5,http://inductoheat.eu/
http://inductoheat.eu/index.php?id=145,http://inductoheat.eu/
http://inductoheat.eu/index.php?id=6,http://inductoheat.eu/
http://inductoheat.eu/index.php?id=102,http://inductoheat.eu/
http://inductoheat.eu/index.php?id=41,http://inductoheat.eu/
http://inductoheat.eu/index.php?id=40,http://inductoheat.eu/
http://inductoheat.eu/index.php?id=36,http://inductoheat.eu/
http://inductoheat.eu/index.php?id=16,http://inductoheat.eu/
http://inductoheat.eu/index.php?id=19,http://inductoheat.eu/
http://inductoheat.eu/index.php?id=15,http://inductoheat.eu/
http://inductoheat.eu/index.php?id=14,http://inductoheat.eu/
http://inductoheat.eu/index.php?id=101,http://inductoheat.eu/
http://inductoheat.eu/index.php?id=11,http://inductoheat.eu/
http://inductoheat.eu/index.php?id=61,http://inductoheat.eu/
http://inductoheat.eu/index.php?id=4&L=0,http://inductoheat.eu/products/
http://inductoheat.eu/index.php?id=56&L=0,http://inductoheat.eu/products/
http://inductoheat.eu/index.php?id=55&L=0,http://inductoheat.eu/products/
http://inductoheat.eu/index.php?id=54&L=0,http://inductoheat.eu/products/
http://inductoheat.eu/index.php?id=52&L=0,http://inductoheat.eu/products/
http://inductoheat.eu/index.php?id=51&L=0,http://inductoheat.eu/products/
http://inductoheat.eu/index.php?id=20&L=0,http://inductoheat.eu/products/
http://inductoheat.eu/index.php?id=63&L=0,http://inductoheat.eu/products/
http://inductoheat.eu/index.php?id=16&L=0,http://inductoheat.eu/products/
http://inductoheat.eu/index.php?id=45&L=0,http://inductoheat.eu/products/
http://inductoheat.eu/index.php?id=57&L=0,http://inductoheat.eu/products/
http://inductoheat.eu/index.php?id=44&L=0,http://inductoheat.eu/products/
http://inductoheat.eu/index.php?id=47&L=0,http://inductoheat.eu/products/
http://inductoheat.eu/index.php?id=43&L=0 ,http://inductoheat.eu/products/
http://inductoheat.eu/index.php?id=42&L=0,http://inductoheat.eu/products/
http://inductoheat.eu/index.php?id=59&L=0,http://inductoheat.eu/products/
http://inductoheat.eu/index.php?id=60&L=0,http://inductoheat.eu/products/
http://inductoheat.eu/index.php?id=76&L=0,http://inductoheat.eu/products/
http://inductoheat.eu/index.php?id=82&L=0,http://inductoheat.eu/products/
http://inductoheat.eu/index.php?id=19&L=0,http://inductoheat.eu/products/
http://inductoheat.eu/index.php?id=64&L=0,http://inductoheat.eu/products/
http://inductoheat.eu/index.php?id=103&L=0,http://inductoheat.eu/products/
