http://inductotherm.co.uk/flash/photos.swf,http://inductotherm.co.uk/
http://inductotherm.co.uk/contact.htm,http://inductotherm.co.uk/contact/
http://inductotherm.co.uk/services.htm,http://inductotherm.co.uk/services/
http://inductotherm.co.uk/products_heavy.htm,http://inductotherm.co.uk/products
http://inductotherm.co.uk/wp-admin/admin-ajax.php,http://inductotherm.co.uk/
http://inductotherm.co.uk/products.htm,http://inductotherm.co.uk/products
http://inductotherm.co.uk/services.htm,http://inductotherm.co.uk/services/
http://inductotherm.co.uk/contact.htm,http://inductotherm.co.uk/contact/
http://inductotherm.co.uk/products_heavy.htm,http://inductotherm.co.uk/products
http://inductotherm.co.uk/products_small.htm,http://inductotherm.co.uk/products
http://inductotherm.co.uk/products_auto.htm,http://inductotherm.co.uk/blog/product_categories/automated-pouring-systems/
http://inductotherm.co.uk/products_control.htm,http://inductotherm.co.uk/blog/product_categories/induction-systems-for-vacuum-and-controlled-atmospheres/
http://inductotherm.co.uk/products_vip.htm,http://inductotherm.co.uk/blog/product_categories/induction-systems-for-vacuum-and-controlled-atmospheres/
http://inductotherm.co.uk/index.htm,http://inductotherm.co.uk/
http://inductotherm.co.uk/products.htm,http://inductotherm.co.uk/products
