http://inducto.com.tw/what-isinductionfeed/?lang=zh-hant,http://inducto.com.tw/what-isinduction/?lang=zh-hant
http://inducto.com.tw/vacuum-controlled-atmosphere-melting-2feed/?lang=zh-hant,http://inducto.com.tw/vacuum-controlled-atmosphere-melting-2/?lang=zh-hant
http://inducto.com.tw/productsfeed/?lang=zh-hant,http://inducto.com.tw/products/?lang=zh-hant
http://inducto.com.tw/company-informationfeed/?lang=zh-hant,http://inducto.com.tw/company-information/?lang=zh-hant
http://inducto.com.tw/zinc-melting-2feed/?lang=zh-hant,http://inducto.com.tw/zinc-melting-2/?lang=zh-hant
http://inducto.com.tw/induction-heating-for-the-steel-industry-2feed/?lang=zh-hant,http://inducto.com.tw/induction-heating-for-the-steel-industry-2/?lang=zh-hant
http://inducto.com.tw/copper-copper-alloy-meltingfeed/?lang=zh-hant,http://inducto.com.tw/copper-copper-alloy-melting/?lang=zh-hant
http://inducto.com.tw/high-temperature-graphite-heating-2feed/?lang=zh-hant,http://inducto.com.tw/high-temperature-graphite-heating-2/?lang=zh-hant
http://inducto.com.tw/iron-meltingfeed/?lang=zh-hant,http://inducto.com.tw/iron-melting/?lang=zh-hant
http://inducto.com.tw/industries-marketsfeed/?lang=zh-hant,http://inducto.com.tw/industries-markets/?lang=zh-hant
http://inducto.com.tw/safetyfeed/?lang=zh-hant,http://inducto.com.tw/safety/?lang=zh-hant
http://inducto.com.tw/aluminum-melting-2feed/?lang=zh-hant,http://inducto.com.tw/aluminum-melting-2/?lang=zh-hant
http://inducto.com.tw/contactfeed/?lang=zh-hant,http://inducto.com.tw/contact/?lang=zh-hant
http://inducto.com.tw/investment-casting-2feed/?lang=zh-hant,http://inducto.com.tw/investment-casting-2/?lang=zh-hant
http://inducto.com.tw/processesfeed/?lang=zh-hant,http://inducto.com.tw/processes/?lang=zh-hant
http://inducto.com.tw/blog/products/paint-and-coating-drying-systems/,http://inducto.com.tw/blog/products/paint-and-coating-drying-systems/
http://inducto.com.tw/rare-earth-other-materials-melting-2feed/?lang=zh-hant,http://inducto.com.tw/rare-earth-other-materials-melting-2/?lang=zh-hant
http://inducto.com.tw/blog/products/edge-heating-systems/?lang=zh-hant,http://inducto.com.tw/blog/products/edge-heating-systems/?lang=zh-hant
http://inducto.com.tw/blog/products/galvannealing-systems/,http://inducto.com.tw/blog/products/galvannealing-systems/
http://inducto.com.tw/blog/products/tin-reflow-systems/?lang=zh-hant,http://inducto.com.tw/blog/products/tin-reflow-systems/?lang=zh-hant
http://inducto.com.tw/pub1.html,http://inducto.com.tw/
http://inducto.com.tw/alloy-manufacturing-2feed/?lang=zh-hant,http://inducto.com.tw/alloy-manufacturing-2/?lang=zh-hant
http://inducto.com.tw/publications.html,http://inducto.com.tw/
http://inducto.com.tw/privacy-policyfeed/?lang=zh-hant,http://inducto.com.tw/privacy-policy/?lang=zh-hant
http://inducto.com.tw/legal-notice-2feed/?lang=zh-hant,http://inducto.com.tw/legal-notice-2/?lang=zh-hant
http://inducto.com.tw/silicon-melting-2feed/?lang=zh-hant,http://inducto.com.tw/silicon-melting-2/?lang=zh-hant
http://inducto.com.tw/servicesfeed/?lang=zh-hant,http://inducto.com.tw/services/?lang=zh-hant
http://inducto.com.tw/precious-metals-melting-2feed/?lang=zh-hant,http://inducto.com.tw/precious-metals-melting-2/?lang=zh-hant
http://inducto.com.tw/userinfo.php?uid=239,http://inducto.com.tw/
http://inducto.com.tw/userinfo.php?uid=539,http://inducto.com.tw/
http://inducto.com.tw/blog/products/boost-heating-systems/?lang=zh-hant,http://inducto.com.tw/blog/products/boost-heating-systems/?lang=zh-hant
http://inducto.com.tw/webmail/,http://inducto.com.tw/
http://inducto.com.tw/blog/products/slab-heating-and-reheating-systems/?lang=zh-hant,http://inducto.com.tw/blog/products/slab-heating-and-reheating-systems/?lang=zh-hant
http://inducto.com.tw/blog/products/tin-reflow-systems/,http://inducto.com.tw/blog/products/tin-reflow-systems/
http://inducto.com.tw/userinfo.php?uid=475,http://inducto.com.tw/
http://inducto.com.tw/steel-stainless-steel-melting-2feed/?lang=zh-hant,http://inducto.com.tw/steel-stainless-steel-melting-2/?lang=zh-hant
http://inducto.com.tw/modules/article/view.article.php/5,http://inducto.com.tw/
http://inducto.com.tw/a5.html,http://inducto.com.tw/
http://inducto.com.tw/blog/products/galvannealing-systems/?lang=zh-hant,http://inducto.com.tw/blog/products/galvannealing-systems/?lang=zh-hant
http://inducto.com.tw/blog/products/paint-and-coating-drying-systems/?lang=zh-hant,http://inducto.com.tw/blog/products/paint-and-coating-drying-systems/?lang=zh-hant
http://inducto.com.tw/pub2.html,http://inducto.com.tw/
http://inducto.com.tw/blog/products/slab-heating-and-reheating-systems/,http://inducto.com.tw/blog/products/slab-heating-and-reheating-systems/
http://inducto.com.tw/inductotw/modules/articles/article.php?id=13,http://inducto.com.tw/
http://inducto.com.tw/modules/articles/article.php?id=7,http://inducto.com.tw/
http://inducto.com.tw/userinfo.php?uid=631,http://inducto.com.tw/
http://inducto.com.tw/userinfo.php?uid=487,http://inducto.com.tw/
http://inducto.com.tw/modules/article/view.author.php/u1,http://inducto.com.tw/
http://inducto.com.tw/inductotw/modules/articles/article.php?id=6,http://inducto.com.tw/
http://inducto.com.tw/userinfo.php?uid=461,http://inducto.com.tw/
http://inducto.com.tw/modules/articles/print.php?id=65,http://inducto.com.tw/
http://inducto.com.tw/wp-admin/admin-ajax.php,http://inducto.com.tw/
http://inducto.com.tw/blog/category/consarc-2/vd/,http://inducto.com.tw/blog/category/consarc-2/vd/
http://inducto.com.tw/contactUs.html,http://inducto.com.tw/
http://inducto.com.tw/terms.html,http://inducto.com.tw/
http://inducto.com.tw/serviceSupport.html,http://inducto.com.tw/
http://inducto.com.tw/Careers.html,http://inducto.com.tw/
http://inducto.com.tw/ind14.html,http://inducto.com.tw/
http://inducto.com.tw/ind11.html,http://inducto.com.tw/
http://inducto.com.tw/ap3.html,http://inducto.com.tw/
http://inducto.com.tw/ap1.html,http://inducto.com.tw/
http://inducto.com.tw/modules/articles/print.php?id=46,http://inducto.com.tw/
http://inducto.com.tw/modules/articles/print.php?id=43,http://inducto.com.tw/
http://inducto.com.tw/modules/articles/print.php?id=57,http://inducto.com.tw/
http://inducto.com.tw/modules/articles/article.php?id=21,http://inducto.com.tw/
http://inducto.com.tw/ap5.html,http://inducto.com.tw/
http://inducto.com.tw/modules/articles/print.php?id=25,http://inducto.com.tw/
http://inducto.com.tw/ind2.html,http://inducto.com.tw/
http://inducto.com.tw/ind13.html,http://inducto.com.tw/
http://inducto.com.tw/ind10.html,http://inducto.com.tw/
http://inducto.com.tw/modules/articles/print.php?id=42,http://inducto.com.tw/
http://inducto.com.tw/ap9.html,http://inducto.com.tw/
http://inducto.com.tw/ap7.html,http://inducto.com.tw/
http://inducto.com.tw/safety2.html,http://inducto.com.tw/
http://inducto.com.tw/modules/articles/print.php?id=26,http://inducto.com.tw/
http://inducto.com.tw/inductotw/modules/articles/article.php?id=11,http://inducto.com.tw/
http://inducto.com.tw/inductotw/modules/articles/article.php?id=28,http://inducto.com.tw/
http://inducto.com.tw/top.htm,inducto.com.tw/
http://inducto.com.tw/home.htm,inducto.com.tw/
http://inducto.com.tw/group.htm,inducto.com.tw/
http://inducto.com.tw/application.htm,http://inducto.com.tw/processes/
http://inducto.com.tw/product.htm,http://inducto.com.tw/products
http://inducto.com.tw/service.htm,http://inducto.com.tw/services/
http://inducto.com.tw/publications.htm,http://inducto.com.tw/industries-markets/
http://inducto.com.tw/webmail/src/login.php,inducto.com.tw/
http://inducto.com.tw/group.html,inducto.com.tw/
http://inducto.com.tw/index.html,inducto.com.tw/
http://inducto.com.tw/application.html,http://inducto.com.tw/processes/
http://inducto.com.tw/product.html,http://inducto.com.tw/products
http://inducto.com.tw/service.html,http://inducto.com.tw/services/
http://inducto.com.tw/pub1.html,http://inducto.com.tw/industries-markets/
http://inducto.com.tw/modules/articles/article.php?id=67,inducto.com.tw/
http://inducto.com.tw/modules/articles/article.php?id=68,inducto.com.tw/
http://inducto.com.tw/inductotw/,http://inducto.com.tw/processes/?lang=zh-hant
http://inducto.com.tw/,inducto.com.tw/
http://inducto.com.tw/modules/articles/article.php?id=2,http://inducto.com.tw/processes/
http://inducto.com.tw/modules/articles/article.php?id=5,http://inducto.com.tw/processes/
http://inducto.com.tw/modules/articles/article.php?id=6,http://inducto.com.tw/processes/
http://inducto.com.tw/modules/articles/article.php?id=7,http://inducto.com.tw/processes/
http://inducto.com.tw/modules/articles/article.php?id=8,http://inducto.com.tw/processes/
http://inducto.com.tw/modules/articles/article.php?id=9,http://inducto.com.tw/processes/
http://inducto.com.tw/modules/articles/article.php?id=10,http://inducto.com.tw/processes/
http://inducto.com.tw/modules/articles/article.php?id=11,http://inducto.com.tw/processes/
http://inducto.com.tw/modules/articles/article.php?id=12,http://inducto.com.tw/processes/
http://inducto.com.tw/modules/articles/article.php?id=13,http://inducto.com.tw/processes/
http://inducto.com.tw/modules/articles/article.php?id=14,http://inducto.com.tw/processes/
http://inducto.com.tw/modules/articles/article.php?id=15,http://inducto.com.tw/processes/
http://inducto.com.tw/modules/articles/article.php?id=16,http://inducto.com.tw/processes/
http://inducto.com.tw/modules/articles/article.php?id=17,http://inducto.com.tw/processes/
http://inducto.com.tw/modules/articles/article.php?id=4,http://inducto.com.tw/processes/
http://inducto.com.tw/modules/articles/article.php?id=18,http://inducto.com.tw/products
http://inducto.com.tw/modules/articles/article.php?id=61,http://inducto.com.tw/safety/
http://inducto.com.tw/modules/articles/article.php?id=45,http://inducto.com.tw/services/
http://inducto.com.tw/modules/articles/article.php?id=65,http://inducto.com.tw/legal-notice/
http://inducto.com.tw/modules/articles/article.php?id=66,inducto.com.tw/
http://inducto.com.tw/modules/articles/article.php?id=19,http://inducto.com.tw/blog/product_categories/induction-holding-furnace-systems
http://inducto.com.tw/modules/articles/article.php?id=24,http://inducto.com.tw/blog/product_categories/induction-holding-furnace-systems
http://inducto.com.tw/modules/articles/article.php?id=25,http://inducto.com.tw/blog/product_categories/advanced-induction-power-supply-systems
http://inducto.com.tw/modules/articles/article.php?id=26,http://inducto.com.tw/blog/product_categories/advanced-induction-power-supply-systems
http://inducto.com.tw/modules/articles/article.php?id=27,http://inducto.com.tw/products/
http://inducto.com.tw/modules/articles/article.php?id=28,http://inducto.com.tw/blog/product_categories/automated-robotic-systems
http://inducto.com.tw/modules/articles/article.php?id=29,http://inducto.com.tw/products/
http://inducto.com.tw/modules/articles/article.php?id=30,http://inducto.com.tw/blog/product_categories/automated-pouring-systems
http://inducto.com.tw/modules/articles/article.php?id=31,http://inducto.com.tw/products/
http://inducto.com.tw/modules/articles/article.php?id=32,http://inducto.com.tw/blog/product_categories/strip-heating-systems
http://inducto.com.tw/modules/articles/article.php?id=33,http://inducto.com.tw/blog/product_categories/pots-for-galvanizing
http://inducto.com.tw/modules/articles/article.php?id=37,http://inducto.com.tw/blog/product_categories/slab-bloom-and-transfer-bar-heaters
http://inducto.com.tw/modules/articles/article.php?id=38,http://inducto.com.tw/blog/product_categories/fluxmanager-tube-pipe-heating-systems
http://inducto.com.tw/modules/articles/article.php?id=39,http://inducto.com.tw/blog/product_categories/inductoforge/
http://inducto.com.tw/modules/articles/article.php?id=40,http://inducto.com.tw/products/
http://inducto.com.tw/modules/articles/article.php?id=41,http://inducto.com.tw/blog/product_categories/induction-systems-for-vacuum-and-controlled-atmospheres
http://inducto.com.tw/modules/articles/article.php?id=42,http://inducto.com.tw/blog/product_categories/material-handling-systems
http://inducto.com.tw/modules/articles/article.php?id=46,inducto.com.tw/
http://inducto.com.tw/modules/articles/article.php?id=47,inducto.com.tw/
http://inducto.com.tw/modules/articles/article.php?id=48,inducto.com.tw/
http://inducto.com.tw/modules/articles/article.php?id=49,inducto.com.tw/
http://inducto.com.tw/modules/articles/article.php?id=50,inducto.com.tw/
http://inducto.com.tw/modules/articles/article.php?id=51,inducto.com.tw/
http://inducto.com.tw/modules/articles/article.php?id=52,inducto.com.tw/
http://inducto.com.tw/modules/articles/article.php?id=53,inducto.com.tw/
http://inducto.com.tw/modules/articles/article.php?id=54,inducto.com.tw/
http://inducto.com.tw/modules/articles/article.php?id=55,inducto.com.tw/
http://inducto.com.tw/modules/articles/article.php?id=56,inducto.com.tw/
http://inducto.com.tw/modules/articles/article.php?id=57,inducto.com.tw/
http://inducto.com.tw/modules/articles/article.php?id=58,inducto.com.tw/
http://inducto.com.tw/modules/articles/article.php?id=59,inducto.com.tw/
http://inducto.com.tw/modules/articles/article.php?id=60,inducto.com.tw/
