http://lepel.com/IND/lepind1.htm,http://lepel.com/
http://lepel.com/cap/lepcap1.htm,http://lepel.com/
http://lepel.com/legal.htm,http://lepel.com/legal/
http://lepel.com/AfterMarket/home.aspx,http://lepel.com/resources/
http://lepel.com/AboutLepel.aspx,http://lepel.com/company-information/
http://lepel.com/TheProcess.aspx,http://lepel.com/processes/
http://lepel.com/Benefits.aspx,http://lepel.com/
http://lepel.com/Industries.aspx,http://lepel.com/industries/
http://lepel.com/legal.htm,http://lepel.com/legal/
http://lepel.com/Products/TheCSPlus350SS.aspx,http://lepel.com/blog/products/lepel/
http://lepel.com/Products/TheCSPlus200SS.aspx,http://lepel.com/blog/products/cs200-ss/
http://lepelcaps.com/ProductInformation.aspx?productId=3,http://lepel.com/products
http://lepelcaps.com/ProductInformation.aspx?productId=4,http://lepel.com/products
http://lepel.com/Accessories.aspx,http://lepel.com/blog/products/accessories-6/
http://lepel.com/Products/Vintage.aspx,http://lepel.com/products/
http://lepel.com/Products/Literature.aspx,http://lepel.com/
http://lepel.com/CapLinerGuide.aspx,http://lepel.com/
http://lepel.com/SealingSolutions.aspx,http://lepel.com/sealing-solutions/
http://lepel.com/Products/Overview.aspx,http://lepel.com/products
http://lepel.com/ContactUs.aspx,http://lepel.com/company-information/
http://lepel.com/Termsandconditions.aspx,http://lepel.com/legal/
http://lepel.com/CapsealingSitemap.aspx,http://lepel.com/
http://lepel.com/newsandevents.aspx,http://lepel.com/blog/events
