http://ondarlan.com/blog/products/calentadores-de-final-de-barras/,http://ondarlan.com/
http://ondarlan.com/blog/products/mesas-de-compactacion/,http://ondarlan.com/
http://ondarlan.com/blog/products/calentadores-de-barras/,http://ondarlan.com/
http://ondarlan.com/blog/products/malheria-caja-fria-y-caja-caliente/,http://ondarlan.com/
http://ondarlan.com/descargas/HornosdeFusionporinduccionVIP.pdf,http://ondarlan.com/
http://ondarlan.com/portada.htm,http://ondarlan.com/
http://ondarlan.com/,http://ondarlan.com/
http://ondarlan.com/index.htm,http://ondarlan.com/
http://ondarlan.com/productos.htm,http://ondarlan.com/products/
http://ondarlan.com/calidad.htm,http://ondarlan.com/
http://ondarlan.com/noticias.htm,http://ondarlan.com/
http://ondarlan.com/localizacion.htm,http://ondarlan.com/
http://ondarlan.com/enlaces.htm,http://ondarlan.com/
http://ondarlan.com/contacto.php,http://ondarlan.com/contact/
http://ondarlan.com/sitemap.htm,http://ondarlan.com/
http://ondarlan.com/avisolegal.htm,http://ondarlan.com/adviso-legal/
http://ondarlan.com/servicio_instalacion.htm,http://ondarlan.com/services/
http://ondarlan.com/servicio_mantenimiento.htm,http://ondarlan.com/services/
http://ondarlan.com/servicio_reparacion.htm,http://ondarlan.com/services/
http://ondarlan.com/hornos_fusion_por_induccion.htm,http://ondarlan.com/blog/product_categories/vacuum-induction-melting-furnaces-vim
http://ondarlan.com/armarios_de_potencia_vip.htm,http://ondarlan.com/products/
http://ondarlan.com/hornos_steel_shell.htm,http://ondarlan.com/products/
http://ondarlan.com/hornos_small_steel_shell.htm,http://ondarlan.com/products/
http://ondarlan.com/arenas_y_moldeo_en_verde.htm,http://ondarlan.com/products/
http://ondarlan.com/mezcladoras_ondarmix.htm,http://ondarlan.com/products/
http://ondarlan.com/mesas_de_compactacion.htm,http://ondarlan.com/products/
http://ondarlan.com/recuperacion_mecanica_de_arenas.htm,http://ondarlan.com/products/
http://ondarlan.com/transporte_neumatico.htm,http://ondarlan.com/products/
http://ondarlan.com/macheria.htm,http://ondarlan.com/products/
http://ondarlan.com/recuperacion_termica.htm,http://ondarlan.com/products/
http://ondarlan.com/robot_de_rebarbado.htm,http://ondarlan.com/products/
http://ondarlan.com/calentamiento_por_induccion.htm,http://ondarlan.com/products/
http://ondarlan.com/horno_de_vacio.htm,http://ondarlan.com/products/
http://ondarlan.com/accesorios.htm,http://ondarlan.com/products/
http://ondarlan.com/refractarios.htm,http://ondarlan.com/products/
http://ondarlan.com/ceramicas_de_conduccion.htm,http://ondarlan.com/products/
http://ondarlan.com/termopares.htm,http://ondarlan.com/products/
http://ondarlan.com/escoriante.htm,http://ondarlan.com/products/
http://ondarlan.com/grafito.htm,http://ondarlan.com/products/
http://ondarlan.com/ferro_aleaciones.htm,http://ondarlan.com/products/
