http://thermatool.com/blog/products/info@thermatool.com,http://thermatool.com/blog/products/
http://thermatool.com/blog/product_categories/sensors-and-controls/info@thermatool.com,http://thermatool.com/blog/product_categories/sensors-and-controls/
http://thermatool.com/resources/info@thermatool.com,http://thermatool.com/resources/
http://thermatool.com/blog/events/fabtech-chicago-2015/info@thermatool.com,http://thermatool.com/blog/events/fabtech-chicago-2015/
http://thermatool.com/blog/products/seam-annealers/info@thermatool.com,http://thermatool.com/blog/products/seam-annealers/
http://thermatool.com/services/thermatool-labs/info@thermatool.com,http://thermatool.com/services/thermatool-labs/
http://thermatool.com/blog/product_categories/alpha-sensors-and-controls/info@thermatool.com,http://thermatool.com/blog/product_categories/alpha-sensors-and-controls/
http://thermatool.com/blog/products/cs2-170/info@thermatool.com,http://thermatool.com/blog/products/cs2-170/
http://thermatool.com/information/papers/welding,http://thermatool.com/
http://thermatool.com/contact-us.php,http://thermatool.com/company-information/contact-us/
http://thermatool.com/bright-annealing-systems.php,http://thermatool.com/products/
http://thermatool.com/thermaview-ii.php,http://thermatool.com/products/
http://thermatool.com/information/papers/welding/CONTROLLING-THE-HEAT-AFFECTED-ZONE-(HAZ)-IN-HF-PIPE-TUBE-WELDING.pdf,http://thermatool.com/blog/products/haz-control-technology-welders/
http://thermatool.com/homepage.html,http://thermatool.com/
http://thermatool.com/index.htm,http://thermatool.com/
http://thermatool.com/,http://thermatool.com/
http://thermatool.com/solid_state_welders.htm,http://thermatool.com/blog/products/compact/
http://thermatool.com/haz_control.htm,http://thermatool.com/blog/products/haz-control-technology-welders/
http://thermatool.com/dual_contact.htm,http://thermatool.com/products
http://thermatool.com/weldscan.htm,http://thermatool.com/blog/products/seamscan/
http://thermatool.com/thermaview.htm,http://thermatool.com/blog/products/thermaview/
http://thermatool.com/vacuum_tube_welders.htm,http://thermatool.com/blog/product_categories/high-frequency-welders/
http://thermatool.com/alpha_flying_shears.htm,http://thermatool.com/blog/product_categories/flying-saws/
http://thermatool.com/cold_friction_saws.htm,http://thermatool.com/blog/product_categories/alpha/
http://thermatool.com/seam_annealers.htm,http://thermatool.com/blog/products/seam-annealers/
http://thermatool.com/full_body.htm,http://thermatool.com/products
http://thermatool.com/bright_dull_annealing.htm,http://thermatool.com/blog/product_categories/tube-heaters-seam-annealers/
http://thermatool.com/quench_temper_lines.htm,http://thermatool.com/blog/products/quench-and-temper/
http://thermatool.com/certified.htm,http://thermatool.com/
http://thermatool.com/management_contacts.htm,http://thermatool.com/company-information/
http://thermatool.com/department_contacts.htm,http://thermatool.com/company-information/
http://thermatool.com/other_locations.htm,http://thermatool.com/company-information/
http://thermatool.com/sales_agents.htm,http://thermatool.com/company-information/
http://thermatool.com/employment.htm,http://thermatool.com/company-information/
